place_id,name,city,country,capacity,lat,lon,address,place_url
amsterdam-live-p-115-oosterdok-E5152B9C,P-115_ Oosterdok,Amsterdam,Netherlands,1800,52.37601,4.90901,,
npr-other-nl-e0f088ad-f1ee-40c4-ae79-170aa0784dd9-garage-p5-villa-arena-amsterdam,Garage P5 Villa ArenA (Amsterdam),Amsterdam,Netherlands,1354,,,De Entree 7,
npr-other-nl-43878fed-4dbf-4aef-a2b9-80168d11b5aa-garage-p4-villa-arena-amsterdam,Garage P4 Villa ArenA (Amsterdam),Amsterdam,Netherlands,1248,,,De Entree 228,
amsterdam-live-p-105-euro-parking-opendata-55D76109,P-105_ Euro Parking (opendata),Amsterdam,Netherlands,710,52.36988,4.87663,,
amsterdam-live-p-112-markenhoven-1FA32E12,P-112_ Markenhoven,Amsterdam,Netherlands,651,52.36981,4.90857,,
amsterdam-live-p-303-vu-campus-C2F5A8BC,P-303_ VU campus,Amsterdam,Netherlands,616,52.3338,4.864,,
amsterdam-live-p-107-museumplein-opendata-983A3143,P-107_ Museumplein (opendata),Amsterdam,Netherlands,573,52.35726,4.87944,,
amsterdam-live-p-114-westergasfabriek-opendata-9F72057F,P-114_ Westergasfabriek (opendata),Amsterdam,Netherlands,504,52.38462,4.86627,,
npr-other-nl-c2b50ef9-12a3-4ac5-b2b4-8bf0d896c98b-garage-olympisch-stadion-amsterdam,Garage Olympisch Stadion (Amsterdam),Amsterdam,Netherlands,500,,,Laan der Hesperiden 66,
npr-other-nl-6b50b2e9-1d84-444d-a1d4-d09b0421a226-parkeergarage-p2-vumc-acta-amsterdam,Parkeergarage P2 VUmc ACTA (Amsterdam),Amsterdam,Netherlands,455,,,Gustav Mahlerlaan 3004,
npr-other-nl-4a9684bf-f532-4248-9f43-1334233dc5d5-p-r-vumc-amsterdam,P+R VUmc (Amsterdam),Amsterdam,Netherlands,450,,,Gustav Mahlerlaan 3004,
amsterdam-live-p-302-vumc-acta-359DE5D5,P-302_ VUmc (ACTA),Amsterdam,Netherlands,449,52.3362,4.8609,,
amsterdam-live-p-106-byzantium-opendata-06757815,P-106_ Byzantium (opendata),Amsterdam,Netherlands,446,52.3619,4.88001,,
amsterdam-live-p-109-bijenkorf-opendata-3C4F940F,P-109_ Bijenkorf (opendata),Amsterdam,Netherlands,431,52.37382,4.89508,,
npr-other-nl-bbd15dc0-b00a-47ca-bbda-799883106891-parkeergarage-p1-vumc-westflank-amsterdam,Parkeergarage P1 VUmc Westflank (Amsterdam),Amsterdam,Netherlands,415,,,Amstelveenseweg 587,
amsterdam-live-p-301-vumc-westflank-D7734029,P-301_ VUmc (westflank),Amsterdam,Netherlands,411,52.334,4.8595,,
amsterdam-live-p-104-amsterdam-centraal-opendata-FEEB21D6,P-104_ Amsterdam Centraal (opendata),Amsterdam,Netherlands,410,52.37907,4.89722,,
amsterdam-live-p-222-amsterdamse-poort-p22-opendata-A58994BA,P-222_ Amsterdamse Poort P22 (opendata),Amsterdam,Netherlands,405,52.31476,4.95268,,
amsterdam-live-p-204-p4-villa-arena-2D5FB192,P-204_ P4 Villa Arena,Amsterdam,Netherlands,347,52.313,4.93866,,
amsterdam-live-p-223-amsterdamse-poort-p23-opendata-1A6E8858,P-223_ Amsterdamse Poort P23 (opendata),Amsterdam,Netherlands,346,52.31765,4.95546,,
amsterdam-live-p-102-olympisch-stadion-A557D1AD,P-102_ Olympisch Stadion,Amsterdam,Netherlands,250,52.343,4.8536,,
amsterdam-live-p-125-ijdock-855FC36A,P-125_ IJdock,Amsterdam,Netherlands,244,52.38482,4.89475,,
amsterdam-live-p-221-amsterdamse-poort-p21-opendata-0A3F9044,P-221_ Amsterdamse Poort P21 (opendata),Amsterdam,Netherlands,244,52.31413,4.950568542327871,,
amsterdam-live-p-111-waterlooplein-opendata-B56E7150,P-111_ Waterlooplein (opendata),Amsterdam,Netherlands,200,52.36921,4.90437,,
amsterdam-live-p-203-p3-mikado-C5E8592D,P-203_ P3 Mikado,Amsterdam,Netherlands,190,52.31086,4.93985,,
amsterdam-live-p-126-rembrandtplein-A4614D34,P-126_ Rembrandtplein,Amsterdam,Netherlands,116,52.366058,4.898584,,
npr-other-nl-a63813f7-8dda-43e9-bd52-aed6675b88a8-garage-the-bank-amsterdam,Garage The Bank (Amsterdam),Amsterdam,Netherlands,110,,,Amstelstraat 12,
odh-108,P08 - BZ Centro via Mayr Nusser,Bolzano,Italy,1055,46.494402,11.356716,,
odh-116,P16 - Fiera via Marco Polo/Buozzi,Bolzano,Italy,770,46.472249,11.327066,,
odh-609883-0,Parcheggio Waltherpark,Bolzano,Italy,514,46.49458,11.35497,,
odh-106,P06 - Lauben Parking Portici,Bolzano,Italy,459,46.497134,11.358907,,
odh-115,P15 - Palasport via Resia,Bolzano,Italy,425,46.491603,11.318078,,
odh-103,P03 - Piazza Walther,Bolzano,Italy,403,46.497805,11.355115,,
odh-parking-bz-8-0,TURIST-PARKING,Bolzano,Italy,370,46.49623289133699,11.367794908451254,,
odh-urn-parking-skidata-f383171a-0ec4-5371-b4f6-8ba7b866a55d,Parcheggio NOI Techpark,Bolzano,Italy,245,46.4795666759812,11.3308001147679,,
odh-112,P12 – Piazza Tribunale,Bolzano,Italy,174,46.49781,11.33851,,
odh-urn-parking-skidata-a9630202-657f-5e7c-afb0-21af08999558,Parcheggio Mareccio,Bolzano,Italy,155,46.5029283148253,11.3517818215059,,
odh-104,P04 - Luna via Molini,Bolzano,Italy,150,46.500551,11.358216,,
odh-urn-parking-skidata-1aad1eaf-4854-5048-8c71-f1a1751e1a34,Parcheggio Ribo Skyline,Bolzano,Italy,150,46.50013,11.36476,,
odh-urn-parking-skidata-f6adca81-3959-5990-af45-b03bac5fe9b4,Parcheggio My Mondschein,Bolzano,Italy,138,46.5005269813134,11.3581556556995,,
odh-105,P05 - Laurin,Bolzano,Italy,90,46.498174099984666,11.357255100008064,,
odh-urn-parking-skidata-ccae26b2-9148-540f-9d5c-0fb0921ac596,Parcheggio Bestparking,Bolzano,Italy,75,46.5030493772016,11.333371666565736,,
firenze-live-7,Parterre,Firenze,Italy,996,43.785444,11.262496,"Via del Ponte Rosso, 4 50129 Firenze",
firenze-live-1,Stazione Santa Maria Novella,Firenze,Italy,880,43.7755934,11.2449018,"Piazza della Stazione, 13 50123 Firenze",
firenze-live-2,Pieraccini Meyer,Firenze,Italy,872,43.807954,11.250734,"Viale Gaetano Pieraccini, 24 50139 Firenze",
firenze-live-3,Stazione Fortezza Fiera,Firenze,Italy,521,43.782655,11.245823,"Fortezza da Basso, Piazzale Caduti nei Lager 50129 Firenze",
firenze-live-11,Careggi CTO,Firenze,Italy,508,43.804545,11.248675,"Viale Gaetano Pieraccini, 4 50139 Firenze",
firenze-live-6,Sant’Ambrogio,Firenze,Italy,379,43.770325,11.268305,"Piazza Annigoni, 9 50122 Firenze",
firenze-live-9,Porta al Prato - Leopolda,Firenze,Italy,371,43.778273,11.238617,"Via Gabbuggiani, 2/4 50126 Firenze - nei pressi del Teatro del Maggio Musicale Fiorentino",
firenze-live-5,Alberti,Firenze,Italy,313,43.7696,11.281491,"Piazza Alberti, 46 50136 Firenze",
firenze-live-13,Palazzo di Giustizia – Novoli,Firenze,Italy,242,43.795398,11.222394,Via Virgilio 4 50127 Firenze,
firenze-live-10,Oltrarno – Calza,Firenze,Italy,218,43.761008,11.241679,Piazza della Calza 50125 Firenze,
firenze-live-8,Beccaria,Firenze,Italy,202,43.769659,11.270752,"Viale Amendola, 7 50121 Firenze",
firenze-live-999,San Lorenzo - Mercato Centrale,Firenze,Italy,175,43.7765039,11.251666,"Piazza del Mercato Centrale, 1 50121 Firenze",
firenze-live-4,Stazione Binario 16,Firenze,Italy,41,43.780661,11.246613,"Piazzale Montelungo, 2 50129 Firenze",
fintraffic-619,Kauppakeskus Ruoholahti,Helsinki,Finland,141,60.1639695,24.9115045,,
fintraffic-1090,Vuosaaren Mosaiikkiparkki,Helsinki,Finland,128,60.20821121353329,25.14295336444489,,
fintraffic-1031,Kulosaaren puistotie läntinen P2,Helsinki,Finland,96,60.18854882840269,25.003507376600222,,
fintraffic-517,Muuntajankatu P4,Helsinki,Finland,79,60.2057475,25.047862000000002,,
fintraffic-473,Takkakuja,Helsinki,Finland,72,60.2228845,24.856848999999997,,
fintraffic-303,Eskolantie P1,Helsinki,Finland,66,60.24354879678208,24.99527396298721,,
fintraffic-268,Raidekuja,Helsinki,Finland,65,60.2737985,25.036258,,
fintraffic-46,Haagan pappilantie,Helsinki,Finland,63,60.218323,24.894783,,
fintraffic-507,Siilitie läntinen P1,Helsinki,Finland,53,60.206104395052236,25.04437767361069,,
fintraffic-755,Lauttasaarentie,Helsinki,Finland,48,60.1601685,24.8807905,,
fintraffic-16,Luutnantinaukio,Helsinki,Finland,45,60.2479,24.863746499999998,,
fintraffic-283,Jäkälätie 10 eteläinen,Helsinki,Finland,42,60.262950989774154,25.030178725719455,,
fintraffic-579,Rastilan metroasema,Helsinki,Finland,42,60.2051625,25.121618499999997,,
fintraffic-497,Ukko-Pekan porras P1,Helsinki,Finland,34,60.188883,25.0058905,,
fintraffic-1046,Kontulan ostoskeskus,Helsinki,Finland,27,60.23733539257657,25.08193999528885,,
fintraffic-308,Ratavallintie P2,Helsinki,Finland,25,60.241278,24.9930525,,
fintraffic-31,Soittajantie,Helsinki,Finland,20,60.2406785,24.873656,,
fintraffic-512,Siilitie itäinen P2,Helsinki,Finland,17,60.2065005,25.0456335,,
madrid-live-5,Nuestra Señora del Recuerdo,Madrid,Spain,832,40.472181,-3.67916,Calle de la Hiedra,
madrid-live-84,Plaza Mayor,Madrid,Spain,694,40.4200305,-3.6963131,Plaza Mayor s/n,
madrid-live-53,Plaza de España,Madrid,Spain,542,40.423636,-3.711583,Plaza de España,
madrid-live-12,Almagro,Madrid,Spain,462,40.429801,-3.693238,Almagro,
madrid-live-79,Plaza de las Cortes,Madrid,Spain,462,40.41562,-3.695354,Plaza de las Cortes,
madrid-live-76,Plaza del Carmen,Madrid,Spain,434,40.418793,-3.703406,PZA. DEL CARMEN,
madrid-live-7,Avenida de Portugal,Madrid,Spain,432,40.415415,-3.727515,"Avda. de Portugal, s/n. Frente al nº 51",
madrid-live-81,Plaza de las Descalzas,Madrid,Spain,392,40.418482,-3.706983,Plaza de las Descalzas Reales,
madrid-live-95,Alcala - Sevilla,Madrid,Spain,391,40.418258,-3.698411,CALLE DE ALCALÁ,
madrid-live-99,Olavide,Madrid,Spain,376,40.431717,-3.700565,Pl. Olavide,
madrid-live-25,Marqués de Salamanca,Madrid,Spain,360,40.430293,-3.679197,Plaza M. Salamanca,
madrid-live-101,Santo Domingo,Madrid,Spain,333,40.420471377,-3.708230879,Plaza Santo Domingo,
madrid-live-82,Arquitecto Ribera (Barceló),Madrid,Spain,317,40.4266495,-3.700138,Barceló,
madrid-live-100,Fuencarral,Madrid,Spain,291,40.43009,-3.702953,Cl. Fuencarral,
madrid-live-9,Paseo de Recoletos,Madrid,Spain,281,40.421191,-3.691953,Paseo Recoletos,
madrid-live-73,Plaza de Oriente,Madrid,Spain,212,40.419967,-3.712986,PLAZA DE ORIENTE,
madrid-live-90,Mercado de la Cebada,Madrid,Spain,206,40.41049,-3.709082,Plaza de la Cebada s/n Entrada de vehículos C/Toledo 77,
madrid-live-67,Villa de París,Madrid,Spain,169,40.425848,-3.693658,Plaza Villa de París,
madrid-live-72,Sánchez Bustillo,Madrid,Spain,132,40.409253799999,-3.6941255,C/Doctor Mata,
madrid-live-22,Orense,Madrid,Spain,128,40.453019,-3.694009,Avda. General Perón,
madrid-live-71,Pedro Zerolo,Madrid,Spain,107,40.42080587,-3.699301,Plaza Pedro Zerolo,
madrid-live-94,Mercado San Antón,Madrid,Spain,100,40.421693,-3.697468,LIBERTAD,
madrid-live-97,Vot,Madrid,Spain,90,40.408671,-3.714779,Ventosa,
torino-5t-7,Lingotto,Torino,Italy,3100,45.031625,7.662682,,
torino-5t-11,Porta Palazzo,Torino,Italy,653,45.07646,7.686467,,
torino-5t-10,Palagiustizia,Torino,Italy,616,45.069353,7.661091,,
torino-5t-19,Stati Uniti,Torino,Italy,500,45.064056,7.667003,,
torino-5t-25,Molinette,Torino,Italy,481,45.038575,7.675885,,
torino-5t-30,Vittorio,Torino,Italy,476,45.064784,7.695425,,
torino-5t-2,Bodoni,Torino,Italy,460,45.063553,7.683574,,
torino-5t-18,Valdo Fusi,Torino,Italy,457,45.065041,7.687613,,
torino-5t-48,Venchi Unica,Torino,Italy,437,45.074104,7.615765,,
torino-5t-23,Caio Mario,Torino,Italy,418,45.028627,7.640286,,
torino-5t-9,Nizza,Torino,Italy,371,45.040852,7.668902,,
torino-5t-16,Fontanesi,Torino,Italy,358,45.070346,7.70501,,
torino-5t-12,Santo Stefano,Torino,Italy,344,45.073845,7.68372,,
torino-5t-46,Bacigalupo,Torino,Italy,326,45.036604,7.672489,,
torino-5t-60,Lancia,Torino,Italy,323,45.061756,7.642471,,
torino-5t-15,Ventimiglia,Torino,Italy,303,45.033647,7.672969,,
torino-5t-6,Galileo Ferraris,Torino,Italy,276,45.067451,7.672192,,
torino-5t-27,Sofia,Torino,Italy,272,45.095568,7.716923,,
torino-5t-8,Madama Cristina,Torino,Italy,259,45.058585,7.683419,,
torino-5t-47,Bixio,Torino,Italy,255,45.06879,7.65565,,
torino-5t-51,Porta Nuova Fs,Torino,Italy,242,45.06293,7.67776,,
torino-5t-4,D'Azeglio Galilei,Torino,Italy,223,45.042894,7.677542,,
torino-5t-66,Palazzo Nuoto,Torino,Italy,190,45.039829,7.6503,,
torino-5t-32,Cto,Torino,Italy,161,45.033603,7.67349,,
torino-5t-56,Monti,Torino,Italy,153,45.04709,7.68091,,
torino-5t-53,Ancona,Torino,Italy,148,45.07961,7.69175,,
torino-5t-13,Re Umberto,Torino,Italy,125,45.067,7.67583,,
torino-5t-52,Porta Susa Fs,Torino,Italy,123,45.07301,7.66718,,
torino-5t-59,Richelmy,Torino,Italy,115,45.08301,7.65785,,
torino-5t-54,Palestro,Torino,Italy,113,45.07339,7.67184,,
torino-5t-5,Emanuele Filiberto,Torino,Italy,110,45.076661393,7.68030909027,,
torino-5t-57,Mercato Centrale,Torino,Italy,110,45.07768,7.68379,,
torino-5t-55,Cernaia,Torino,Italy,94,45.06936,7.67348,,
torino-5t-50,Caio Mario Camper,Torino,Italy,57,45.02803,7.63973,,
vigo-live-4756,Parking Urzáiz,Vigo,Spain,463,42.23542,-8.71871,,
vigo-live-4764,Parking Policarpo Sanz,Vigo,Spain,460,42.23741,-8.72296,,
vigo-live-4762,Parking Calvario,Vigo,Spain,424,42.23233,-8.70643,,
vigo-live-389,Parking CC A Laxe,Vigo,Spain,397,42.2406,-8.72703,,
vigo-live-4763,Parking Praza América,Vigo,Spain,388,42.22014,-8.73556,,
vigo-live-4761,Parking Pintor Colmeiro,Vigo,Spain,366,42.22499,-8.72586,,
vigo-live-5125,Parking Areal,Vigo,Spain,285,42.23953,-8.7186,,
vigo-live-406,Parking Independencia,Vigo,Spain,193,42.22373,-8.73014,,
vigo-live-5110,Parking Portugal,Vigo,Spain,183,42.23623,-8.71841,,
vigo-live-4759,Parking Náutico Cíes,Vigo,Spain,180,42.24051,-8.72513,,
vigo-live-392,Parking Praza da Estrela,Vigo,Spain,88,42.23987,-8.71938,,
