file,place_id,why,hourly_rate,daily_cap,currency,operator,listed_name,source_url,note
filled_partial.csv,amsterdam-live-p-115-oosterdok-E5152B9C,duplicate place_id,8.00,45.00,EUR,Parking Centrum Oosterdok,Parking Centrum Oosterdok,https://parkingcentrumoosterdok.nl/tarieven/,"Operator site states 'Tarief per uur EUR 8,-' and 'Maximaal dagtarief EUR 45,-'. Address on operator site Oosterdoksstraat 140 (input coords 52.37601/4.90901 match). Capacity mismatch: input 1800, operator/aggregators ~1369."
filled_partial.csv,npr-other-nl-e0f088ad-f1ee-40c4-ae79-170aa0784dd9-garage-p5-villa-arena-amsterdam,duplicate place_id,3.72,37.00,EUR,Gemeente Amsterdam,P5 Villa ArenA,https://www.amsterdam.nl/parkeren/gemeentelijke-parkeergarages/overzicht/p5-villa-arena/,"Page: EUR 0,62 per 10 minuten = EUR 3,72 per uur. No automatic 24h cap published; daily_cap is the 24-uur dagkaart (EUR 37) that must be reserved online via parkeergebouwenamsterdam.nl. Capacity 1354 matches input. Duplicate of no amsterdam-live row (P5 appears only in the NPR set)."
filled_partial.csv,npr-other-nl-43878fed-4dbf-4aef-a2b9-80168d11b5aa-garage-p4-villa-arena-amsterdam,duplicate place_id,3.72,37.00,EUR,Gemeente Amsterdam,P4 Villa ArenA,https://www.amsterdam.nl/parkeren/gemeentelijke-parkeergarages/overzicht/p4-villa-arena/,"Page: EUR 0,62 per 10 minuten = EUR 3,72 per uur. daily_cap is the online-reserved 24-uur dagkaart (EUR 37); no automatic 24h cap published. Capacity 1248 matches input. Duplicate of amsterdam-live-p-204."
filled_partial.csv,amsterdam-live-p-105-euro-parking-opendata-55D76109,duplicate place_id,,55.00,EUR,Q-Park,Q-Park Europarking,https://www.q-park.nl/nl-nl/parkeren/amsterdam/europarking/,"hourly_rate NOT published as a single value: Q-Park publishes only a range, EUR 1,20 - EUR 2,30 per 15 min (= EUR 4.80-9.20/h) and does not state which time of day each end applies to, so no point hourly rate is recorded. daily_cap is exact. Verified via the page's own tariff feed /api/ParkingFacility/GetTariffsForFacility?facilityId=...&countryCode=NL. tariffs read from this page's own tariff feed (/api/ParkingFacility/GetTariffsForFacility?facilityId=11d4f7fb-112f-4711-92e8-cfc3a6b1cde5); the page's tariff widget itself errors. Q-Park publishes only a RANGE: EUR 1,20 - EUR 2,30 per 15 minuten. hourly_rate = high end x4 (EUR 2,30); low end would be EUR 4,80/h. Q-Park does not publish which time of day each end applies to. Max dagtarief EUR 55. Marnixstraat 250; RDW coords 52.36992/4.87667 match input."
filled_partial.csv,amsterdam-live-p-112-markenhoven-1FA32E12,duplicate place_id,9.00,90.00,EUR,Gemeente Amsterdam,Markenhoven,https://www.amsterdam.nl/parkeren/gemeentelijke-parkeergarages/overzicht/markenhoven/,"Page: 'Per 10 minuten: EUR 1,50 / Per uur: EUR 9,- / Per 24 uur: EUR 90,-'. Anne Frankstraat 220. Capacity mismatch: input 651, page 352."
filled_partial.csv,amsterdam-live-p-303-vu-campus-C2F5A8BC,duplicate place_id,4.00,40.00,EUR,Parkeerbedrijf VU-VUmc,P3 VU Campus,https://www.parkerenbijvu.nl/kortparkeren,"EUR 1 per 15 min; Parkeerbedrijf VU-VUmc publishes one tariff for every VU-VUmc garage; max per day EUR 40. Garage named on https://www.parkerenbijvu.nl/parkeerlocaties with 623 spaces, Van der Boechorststraat 5a (input capacity 616)."
filled_partial.csv,amsterdam-live-p-107-museumplein-opendata-983A3143,duplicate place_id,,60.00,EUR,Q-Park,Q-Park Museumplein,https://www.q-park.nl/nl-nl/parkeren/amsterdam/museumplein/,"hourly_rate NOT published as a single value: Q-Park publishes only a range, EUR 1,60 - EUR 3,25 per 15 min (= EUR 6.40-13.00/h) and does not state which time of day each end applies to, so no point hourly rate is recorded. daily_cap is exact. Verified via the page's own tariff feed /api/ParkingFacility/GetTariffsForFacility?facilityId=...&countryCode=NL. tariffs read from this page's own tariff feed (/api/ParkingFacility/GetTariffsForFacility?facilityId=8f43f209-40a7-486d-aa15-921adddd28f7); the page's tariff widget itself errors. Q-Park publishes only a RANGE: EUR 1,60 - EUR 3,25 per 15 minuten. hourly_rate = high end x4; low end would be EUR 6,40/h. Time-of-day split not published. Max dagtarief EUR 60. Van Baerlestraat 33B; RDW coords 52.35687/4.88001 match input."
filled_partial.csv,amsterdam-live-p-114-westergasfabriek-opendata-9F72057F,duplicate place_id,4.80,38.00,EUR,Q-Park,Q-Park Westergasfabriek,https://www.q-park.nl/nl-nl/parkeren/amsterdam/westergasfabriek/,"tariffs read from this page's own tariff feed (/api/ParkingFacility/GetTariffsForFacility?facilityId=36c937ce-1932-4605-bc8c-e335b4486b31); the page's tariff widget itself errors. Single published rate (no range): EUR 2,00 per 25 minuten = EUR 4,80 per uur. Max dagtarief EUR 38. RDW coords 52.38462/4.86662 match input."
filled_partial.csv,npr-other-nl-c2b50ef9-12a3-4ac5-b2b4-8bf0d896c98b-garage-olympisch-stadion-amsterdam,duplicate place_id,5.00,50.00,EUR,Interparking,Olympisch Stadion,https://www.interparking.nl/nl/find-parking/Olympisch-Stadion,"P+R, transit-conditional - the number recorded here is the NON-transit standard Interparking tariff: EUR 1,00 per 12 minuten = EUR 5,00/h, 24 uren EUR 50,00. The same site also sells the municipal P+R rate (EUR 6 per 24 uur off-peak / EUR 13 first 24 uur before 10:00 Mon-Fri) which requires travelling to the centre by public transport - see https://www.amsterdam.nl/parkeren/parkeren-reizen/plaatsen-binnen-stad/pr-olympisch-stadion/. IDENTITY UNCERTAIN: Interparking gives Laan der Hesperiden 80 while this NPR record gives nr 66 and operator 'P1' (NPR tariff data last changed 2013)."
filled_partial.csv,npr-other-nl-6b50b2e9-1d84-444d-a1d4-d09b0421a226-parkeergarage-p2-vumc-acta-amsterdam,duplicate place_id,4.00,40.00,EUR,Parkeerbedrijf VU-VUmc,P2 VUmc,https://www.parkerenbijvu.nl/kortparkeren,"EUR 1 per 15 min; Parkeerbedrijf VU-VUmc publishes one tariff for every VU-VUmc garage; max per day EUR 40. P+R, transit-conditional - the number recorded here is the standard NON-transit tariff. This same garage is the municipal 'Weekend P+R VUmc': Fri 18:00-Mon 04:00 it costs EUR 6 per 24 uur if you travel to Amsterdam centre and back by public transport. Garage named on /parkeerlocaties, 451 spaces, Gustav Mahlerlaan 3004 (input 455)."
filled_partial.csv,npr-other-nl-4a9684bf-f532-4248-9f43-1334233dc5d5-p-r-vumc-amsterdam,duplicate place_id,,6.00,EUR,Gemeente Amsterdam / Parkeerbedrijf VU-VUmc,P+R Weekend VUmc,https://www.amsterdam.nl/parkeren/parkeren-reizen/plaatsen-binnen-stad/pr-vumc/,"P+R, transit-conditional - the number recorded here IS the transit-conditional variant: EUR 6 per 24 uur, valid only Fri 18:00 - Mon 04:00 and on public holidays, and only if you travel to/from Amsterdam centre by OV-chipkaart or paper GVB ticket (no OVpay, no barcode, no paper NS ticket). No hourly P+R rate is published, so hourly_rate is blank. Physically the same garage as P2 VUmc / ACTA (Gustav Mahlerlaan 3004), where outside P+R hours the standard tariff is EUR 1 per 15 min (EUR 4,00/h, max EUR 40/day) per https://www.parkerenbijvu.nl/kortparkeren."
filled_partial.csv,amsterdam-live-p-302-vumc-acta-359DE5D5,duplicate place_id,4.00,40.00,EUR,Parkeerbedrijf VU-VUmc,P2 VUmc,https://www.parkerenbijvu.nl/kortparkeren,"EUR 1 per 15 min; Parkeerbedrijf VU-VUmc publishes one tariff for every VU-VUmc garage; max per day EUR 40. P+R, transit-conditional - the number recorded here is the standard NON-transit tariff. This garage doubles as the municipal 'Weekend P+R VUmc' (EUR 6 per 24 uur Fri 18:00-Mon 04:00, conditional on using public transport). 451 spaces, Gustav Mahlerlaan 3004 (input 449)."
filled_partial.csv,amsterdam-live-p-106-byzantium-opendata-06757815,duplicate place_id,,68.00,EUR,Q-Park,Q-Park Byzantium,https://www.q-park.nl/nl-nl/parkeren/amsterdam/byzantium/,"hourly_rate NOT published as a single value: Q-Park publishes only a range, EUR 1,60 - EUR 3,25 per 15 min (= EUR 6.40-13.00/h) and does not state which time of day each end applies to, so no point hourly rate is recorded. daily_cap is exact. Verified via the page's own tariff feed /api/ParkingFacility/GetTariffsForFacility?facilityId=...&countryCode=NL. tariffs read from this page's own tariff feed (/api/ParkingFacility/GetTariffsForFacility?facilityId=94689516-d301-4a31-b571-45077e7e0e84); the page's tariff widget itself errors. Q-Park publishes only a RANGE: EUR 1,60 - EUR 3,25 per 15 minuten. hourly_rate = high end x4; low end would be EUR 6,40/h. Max dagtarief EUR 68. Tesselschadestraat 1G; RDW coords 52.36201/4.87991 match input."
filled_partial.csv,amsterdam-live-p-109-bijenkorf-opendata-3C4F940F,duplicate place_id,,65.00,EUR,Q-Park,Q-Park de Bijenkorf,https://www.q-park.nl/nl-nl/parkeren/amsterdam/de-bijenkorf/,"hourly_rate NOT published as a single value: Q-Park publishes only a range, EUR 1,60 - EUR 3,50 per 15 min (= EUR 6.40-14.00/h) and does not state which time of day each end applies to, so no point hourly rate is recorded. daily_cap is exact. Verified via the page's own tariff feed /api/ParkingFacility/GetTariffsForFacility?facilityId=...&countryCode=NL. tariffs read from this page's own tariff feed (/api/ParkingFacility/GetTariffsForFacility?facilityId=62927aef-c1e1-4cfe-96c9-b6401f9e2627); the page's tariff widget itself errors. Q-Park publishes only a RANGE: EUR 1,60 - EUR 3,50 per 15 minuten. hourly_rate = high end x4; low end would be EUR 6,40/h. Max dagtarief EUR 65. Beursplein 15; RDW coords 52.37383/4.89518 match input."
filled_partial.csv,npr-other-nl-bbd15dc0-b00a-47ca-bbda-799883106891-parkeergarage-p1-vumc-westflank-amsterdam,duplicate place_id,4.00,40.00,EUR,Parkeerbedrijf VU-VUmc,P1 VUmc,https://www.parkerenbijvu.nl/kortparkeren,"EUR 1 per 15 min; Parkeerbedrijf VU-VUmc publishes one tariff for every VU-VUmc garage; max per day EUR 40. Garage named on https://www.parkerenbijvu.nl/parkeerlocaties with 412 spaces, Amstelveenseweg 587 (input 415, same address)."
filled_partial.csv,amsterdam-live-p-301-vumc-westflank-D7734029,duplicate place_id,4.00,40.00,EUR,Parkeerbedrijf VU-VUmc,P1 VUmc,https://www.parkerenbijvu.nl/kortparkeren,"EUR 1 per 15 min; Parkeerbedrijf VU-VUmc publishes one tariff for every VU-VUmc garage; max per day EUR 40. Garage named on /parkeerlocaties, 412 spaces, Amstelveenseweg 587 (input capacity 411). Duplicate of the NPR 'P1 VUmc Westflank' row."
filled_partial.csv,amsterdam-live-p-104-amsterdam-centraal-opendata-FEEB21D6,duplicate place_id,,65.00,EUR,Q-Park,Q-Park Amsterdam Centraal,https://www.q-park.nl/nl-nl/parkeren/amsterdam/amsterdam-centraal/,"hourly_rate NOT published as a single value: Q-Park publishes only a range, EUR 1,60 - EUR 3,50 per 15 min (= EUR 6.40-14.00/h) and does not state which time of day each end applies to, so no point hourly rate is recorded. daily_cap is exact. Verified via the page's own tariff feed /api/ParkingFacility/GetTariffsForFacility?facilityId=...&countryCode=NL. tariffs read from this page's own tariff feed (/api/ParkingFacility/GetTariffsForFacility?facilityId=9108294e-9401-4f98-ad47-b014a512438a); the page's tariff widget itself errors. Q-Park publishes only a RANGE: EUR 1,60 - EUR 3,50 per 15 minuten. hourly_rate = high end x4; low end would be EUR 6,40/h. Max dagtarief EUR 65. Prins Hendrikkade 20A (input coords 52.37907/4.89722, ~150 m away) - identity rests on the exact name match."
filled_partial.csv,amsterdam-live-p-222-amsterdamse-poort-p22-opendata-A58994BA,duplicate place_id,2.10,20.00,EUR,Q-Park,Q-Park Amsterdamse Poort P22,https://www.q-park.nl/nl-nl/parkeren/amsterdam/amsterdamse-poort-p22/,"tariffs read from this page's own tariff feed (/api/ParkingFacility/GetTariffsForFacility?facilityId=96364555-de2f-4f45-9271-3819040e3bd6); the page's tariff widget itself errors. Published: 'Eerste 2 uur, per 20 minuten EUR 0,70' = EUR 2,10/h (the 2nd hour is still inside this band, so this is the marginal 2nd-hour rate); 'Na 2 uur, per 60 minuten EUR 2,00'. Max dagtarief EUR 20. Priced from the P22 page only."
filled_partial.csv,amsterdam-live-p-204-p4-villa-arena-2D5FB192,duplicate place_id,3.72,37.00,EUR,Gemeente Amsterdam,P4 Villa ArenA,https://www.amsterdam.nl/parkeren/gemeentelijke-parkeergarages/overzicht/p4-villa-arena/,"Page: EUR 0,62 per 10 minuten = EUR 3,72 per uur. daily_cap is the online-reserved 24-uur dagkaart (EUR 37); no automatic 24h cap published. Capacity mismatch: input 347, page 1248 (the live feed appears to count only short-stay spaces). Duplicate of the NPR 'Garage P4 Villa ArenA' row."
filled_partial.csv,amsterdam-live-p-223-amsterdamse-poort-p23-opendata-1A6E8858,duplicate place_id,2.10,20.00,EUR,Q-Park,Q-Park Amsterdamse Poort P23,https://www.q-park.nl/nl-nl/parkeren/amsterdam/amsterdamse-poort-p23/,"tariffs read from this page's own tariff feed (/api/ParkingFacility/GetTariffsForFacility?facilityId=8809c223-68b1-4022-b58f-cab00f3c6389); the page's tariff widget itself errors. Published: 'Eerste 2 uur, per 20 minuten EUR 0,70' = EUR 2,10/h; 'Na 2 uur, per 60 minuten EUR 2,00'. Max dagtarief EUR 20. Priced from the P23 page only."
filled_partial.csv,amsterdam-live-p-102-olympisch-stadion-A557D1AD,duplicate place_id,5.00,50.00,EUR,Interparking,Olympisch Stadion,https://www.interparking.nl/nl/find-parking/Olympisch-Stadion,"P+R, transit-conditional - the number recorded here is the NON-transit standard Interparking tariff: EUR 1,00 per 12 minuten = EUR 5,00/h, 24 uren EUR 50,00 (Laan der Hesperiden 80). The municipal P+R rate at the same site is EUR 6 per 24 uur (arrival after 10:00 Mon-Fri, weekends/holidays) or EUR 13 for the first 24 uur (arrival before 10:00 Mon-Fri), conditional on travelling to the centre by public transport - https://www.amsterdam.nl/parkeren/parkeren-reizen/plaatsen-binnen-stad/pr-olympisch-stadion/. Input coords 52.343/4.8536 are ~200 m from the garage entrance."
filled_partial.csv,amsterdam-live-p-125-ijdock-855FC36A,duplicate place_id,8.25,50.00,EUR,Interparking,IJDock,https://www.interparking.nl/nl/find-parking/IJDock,"Published table columns are 'Tijd | Pcard+ | Prijs': normal price EUR 2,75 per 20 minuten = EUR 8,25/h and 24 uren EUR 50,00. The Pcard+ (discount card) column is EUR 2,34 per 20 min / EUR 42,50 per 24 uur - not used here. RDW coords 52.38473/4.89423 match input."
filled_partial.csv,amsterdam-live-p-221-amsterdamse-poort-p21-opendata-0A3F9044,duplicate place_id,2.10,20.00,EUR,Q-Park,Q-Park Amsterdamse Poort P21,https://www.q-park.nl/nl-nl/parkeren/amsterdam/amsterdamse-poort-p21/,"tariffs read from this page's own tariff feed (/api/ParkingFacility/GetTariffsForFacility?facilityId=f95e7efd-5c1c-4c2f-a763-b1820c1fdec9); the page's tariff widget itself errors. Published: 'Eerste 2 uur, per 20 minuten EUR 0,70' = EUR 2,10/h; 'Na 2 uur, per 60 minuten EUR 2,00'. Max dagtarief EUR 20. Bijlmerplein 101. Priced from the P21 page only."
filled_partial.csv,amsterdam-live-p-111-waterlooplein-opendata-B56E7150,duplicate place_id,,65.00,EUR,Q-Park,Q-Park Waterlooplein,https://www.q-park.nl/nl-nl/parkeren/amsterdam/waterlooplein/,"hourly_rate NOT published as a single value: Q-Park publishes only a range, EUR 1,60 - EUR 3,50 per 15 min (= EUR 6.40-14.00/h) and does not state which time of day each end applies to, so no point hourly rate is recorded. daily_cap is exact. Verified via the page's own tariff feed /api/ParkingFacility/GetTariffsForFacility?facilityId=...&countryCode=NL. tariffs read from this page's own tariff feed (/api/ParkingFacility/GetTariffsForFacility?facilityId=e33d4b38-ab53-4937-8dee-67b185fd8c96); the page's tariff widget itself errors. Q-Park publishes only a RANGE: EUR 1,60 - EUR 3,50 per 15 minuten. hourly_rate = high end x4; low end would be EUR 6,40/h. Max dagtarief EUR 65. Valkenburgerstraat 238; RDW coords 52.3691/4.9043 match input exactly."
filled_partial.csv,amsterdam-live-p-203-p3-mikado-C5E8592D,duplicate place_id,3.72,37.20,EUR,Gemeente Amsterdam,P3 Mikado,https://www.amsterdam.nl/parkeren/gemeentelijke-parkeergarages/overzicht/p3-mikado/,"Page: 'Per 10 minuten: EUR 0,62 / Per uur: EUR 3,72 / Per 24 uur: EUR 37,20'. A reserved online dagkaart is EUR 37. Capacity mismatch: input 190, page 366. Page address De Entree 228 (Amsterdam's own pages appear to have the De Entree numbers of P3/P4 crossed)."
filled_partial.csv,amsterdam-live-p-126-rembrandtplein-A4614D34,duplicate place_id,13.00,80.00,EUR,Interparking,The Bank,https://www.interparking.nl/nl/find-parking/The-Bank,"Published: EUR 3,25 per 15 minuten = EUR 13,00/h, 24 uren EUR 80,00. Amstelstraat 12, on the Rembrandtplein - RDW coords for Garage The Bank are 52.3662/4.8986 vs this row's 52.366058/4.898584, i.e. the SAME physical garage as the NPR 'Garage The Bank' row."
filled_partial.csv,npr-other-nl-a63813f7-8dda-43e9-bd52-aed6675b88a8-garage-the-bank-amsterdam,duplicate place_id,13.00,80.00,EUR,Interparking,The Bank,https://www.interparking.nl/nl/find-parking/The-Bank,"Published: EUR 3,25 per 15 minuten = EUR 13,00/h, 24 uren EUR 80,00. Amstelstraat 12 matches the input address exactly. NPR still lists operator 'ParkKing' with 2013 tariffs (EUR 5/h, dagkaart EUR 50) - stale, and parkking.nl is now a parked domain; Interparking is the current operator. Duplicate of amsterdam-live-p-126-rembrandtplein."
filled_partial.csv,odh-103,duplicate place_id,4.50,24.00,EUR,Best in Parking,Parcheggio Piazza Walther,https://www.bestinparking.com/it/it/garage/parcheggio-piazza-walther,"first hour 4.50 and each further hour/fraction 4.50; night rate 1.00/h 20:00-06:00; discounted Bmove-app rate 2.50/h and 19.00 daily; page says 405 spaces vs 403 in ODH; address Piazza Walther 10/A, vehicle entrance via Mayr Nusser"
filled_partial.csv,odh-105,duplicate place_id,3.90,27.00,EUR,Best in Parking,Parcheggio Laurin Parking,https://www.bestinparking.com/it/it/garage/parcheggio-laurin-parking,3.90/h 06:00-20:00; 2.80/h 20:00-24:00; 1.80/h 24:00-06:00; via Laurin 4; page says 98 spaces vs 90 in ODH
filled_partial.csv,odh-106,duplicate place_id,3.50,20.00,EUR,APCOA Italia S.p.A.,Parcheggio Lauben Portici,https://www.apcoa.it/en/short-break/locations/bolzano/parcheggio-lauben-portici,"flat 3.50 per hour or part thereof, no day/night split; max daily (24 h) 20.00; open 24/7; APCOA took over management 05.03.2026 (Telepass still shows the old 2.50/h tariff); 456 spaces on 3 levels, 156 of them reserved for Provincial staff; English-language page"
filled_partial.csv,odh-108,duplicate place_id,2.00,20.00,EUR,SEAB,Parcheggio BZ Centro,https://www.seab.bz.it/it/parcheggio/parcheggio-bolzano-centro,daytime 08:00-20:00; night rate 1.20/h 20:00-08:00; also has a separate bus tariff (10/14/26/40 EUR); SEAB page says 1265 car spaces vs 1055 in ODH; via Mayr Nusser 24
filled_partial.csv,odh-112,duplicate place_id,1.50,,EUR,SEAB,Parcheggio Tribunale,https://www.seab.bz.it/it/parcheggio/parcheggio-tribunale,"daytime 08:00-20:00; night rate 1.00/h 20:00-08:00; no 24h cap published, but a 8.00 EUR weekend flat rate (Fri 17:00-24:00 or Sat 08:00-13:00 entry to Mon 08:00); SEAB page says 300 spaces vs 174 in ODH; Piazza Tribunale 4, access via Duca d'Aosta"
filled_partial.csv,odh-115,duplicate place_id,0.30,,EUR,SEAB,Parcheggio Palasport,https://www.seab.bz.it/it/parcheggio/parcheggio-palasport,"flat 0.30/h, no day/night split and no 24h cap published; 1.50 EUR flat for Palasport events; open 0-24; address given as via Milano 192/B (ODH name says via Resia); 425 car spaces, matches ODH exactly"
filled_partial.csv,odh-609883-0,duplicate place_id,4.50,24.00,EUR,Best in Parking,Parcheggio Waltherpark,https://www.bestinparking.com/it/it/garage/parcheggio-waltherpark,"first hour and each further started hour both 4.50, validity 06:00-20:00; night rate 1.00/h 20:00-06:00; discounted Bmove-app rate 2.50/h, 19.00 daily cap and 10.00 10-hour cap; opened Sept 2025; page says 547 spaces vs 514 in ODH; Piazzetta Alto Adige 1, vehicle entrance via Josef Mayr Nusser"
filled_partial.csv,odh-urn-parking-skidata-f383171a-0ec4-5371-b4f6-8ba7b866a55d,duplicate place_id,1.50,,EUR,NOI Spa (NOI Techpark),NOI Techpark - underground car park (entrance via Volta),https://noi.bz.it/en/contact-map,"1.50 EUR/hour incl. VAT, stated in the 'by car or motorbike' travel section; the page gives the garage no formal name; no 24h cap published; barrier ticket validated at pay station; open Mon-Fri 05:45-23:00, Sat 08:00-20:30; English-language page; via Volta 13/A, east side of building A5"
filled_partial.csv,firenze-live-7,duplicate place_id,2.00,15.00,EUR,Firenze Parcheggi,Parterre,https://www.fipark.com/parcheggi/parterre/,"1st hour non-fractionable EUR 2.00, from 2nd hour fractioned per 30 min at same rate; ""tariffa intero giorno"" EUR 15.00; separate discounted ""bmove"" app column also published (same values here)"
filled_partial.csv,firenze-live-1,duplicate place_id,4.00,,EUR,Firenze Parcheggi,Parcheggio Stazione Santa Maria Novella,https://www.fipark.com/parcheggi/stazione-santa-maria-novella/,"TARIFFA AUTO: 1st hour non-fractionable EUR 4.00, from 2nd hour fractioned per 30 min; page states ""tariffa giornaliera: non disponibile"" so no 24h cap; discounted bmove app rate EUR 3.80/h; centro storico, under the SMN station"
filled_partial.csv,firenze-live-2,duplicate place_id,1.00,4.00,EUR,Firenze Parcheggi,Pieraccini Meyer,https://www.fipark.com/parcheggi/pieraccini-meyer/,"hospital car park (Ospedale Pediatrico Meyer); EUR 0.50 per 30 min = 1.00/h for 00:00-12:30, 14:30-18:30 and 20:30-00:00; EUR 0.50 per full hour in 12:30-14:30 and 18:30-20:30; ""tariffa massima giornaliera"" EUR 4.00 (for stays over 4h)"
filled_partial.csv,firenze-live-3,duplicate place_id,2.00,20.00,EUR,Firenze Parcheggi,Stazione Fortezza Fiera,https://www.fipark.com/parcheggi/stazione-fortezza-fiera/,"ogni ora non frazionabile EUR 2.00; tariffa giornaliera EUR 20.00; discounted bmove app rate EUR 1.60/h; Fortezza da Basso, fair/event parking"
filled_partial.csv,firenze-live-11,duplicate place_id,1.00,4.00,EUR,Firenze Parcheggi,Careggi CTO,https://www.fipark.com/parcheggi/careggi-cto/,"hospital car park (AOU Careggi CTO, pronto soccorso); EUR 0.50 per 30 min = 1.00/h for 00:00-12:30, 14:30-18:30 and 20:30-00:00; EUR 0.50 per full hour in 12:30-14:30 and 18:30-20:30; ""tariffa massima giornaliera"" EUR 4.00"
filled_partial.csv,firenze-live-6,duplicate place_id,3.00,,EUR,Firenze Parcheggi,Sant'Ambrogio,https://www.fipark.com/parcheggi/santambrogio/,market car park; weekdays 07:00-14:00 1st hour EUR 2.00 then 2nd hour onward EUR 3.00/h fractioned per 30 min (marginal rate used); 14:00-07:00 and Sundays/holidays EUR 3.00/h; reduced market-operator/customer tariff by voucher; no daily cap published
filled_partial.csv,firenze-live-9,duplicate place_id,2.00,20.00,EUR,Firenze Parcheggi,Porta al Prato – Leopolda,https://www.fipark.com/parcheggi/porta-al-prato-leopolda/,"1st hour non-fractionable EUR 2.00, from 2nd hour EUR 2.00/h fractioned per 30 min; tariffa giornaliera EUR 20.00; discounted bmove app rate EUR 1.00 for the 1st hour; connected to the tramway"
filled_partial.csv,firenze-live-5,duplicate place_id,2.00,15.00,EUR,Firenze Parcheggi,Alberti,https://www.fipark.com/parcheggi/alberti/,daytime 08:00-20:00 ogni ora non frazionabile EUR 2.00; night 20:00-08:00 flat (forfait) EUR 1.00; tariffa intero giorno EUR 15.00; discounted bmove app rate EUR 1.60/h
filled_partial.csv,firenze-live-13,duplicate place_id,1.00,15.00,EUR,Firenze Parcheggi,Palazzo di Giustizia – Novoli,https://www.fipark.com/parcheggi/palazzo-di-giustizia-novoli/,"1st hour non-fractionable EUR 1.00, from 2nd hour EUR 1.00/h fractioned per 30 min; tariffa giornaliera EUR 15.00"
filled_partial.csv,firenze-live-10,duplicate place_id,3.00,,EUR,Firenze Parcheggi,Oltrarno – Calza,https://www.fipark.com/parcheggi/oltrarno-calza/,"1st hour non-fractionable EUR 3.00, from 2nd hour EUR 3.00/h fractioned per 30 min; page states ""tariffa giornaliera: non disponibile""; discounted bmove app rate EUR 2.00/h"
filled_partial.csv,firenze-live-8,duplicate place_id,2.00,,EUR,Firenze Parcheggi,Beccaria,https://www.fipark.com/parcheggi/beccaria/,"ogni ora non frazionabile EUR 2.00; page states ""tariffa giornaliera: non disponibile""; discounted bmove app rate EUR 1.70/h; centro storico"
filled_partial.csv,firenze-live-999,duplicate place_id,4.00,,EUR,Firenze Parcheggi,San Lorenzo - Mercato Centrale,https://www.fipark.com/parcheggi/san-lorenzo-mercato-centrale/,"market car park; weekdays 07:00-14:00 1st hour EUR 2.80, 2nd hour EUR 4.00 (marginal rate used), 3rd hour onward EUR 8.00 each; 14:00-07:00 and Sundays/holidays EUR 2.00/h; reduced market-operator/customer tariff by voucher; no daily cap published"
filled_partial.csv,firenze-live-4,duplicate place_id,2.00,,EUR,Firenze Parcheggi,Stazione Binario 16,https://www.fipark.com/parcheggi/stazione-binario-16/,"ogni ora non frazionabile EUR 2.00; page states ""tariffa giornaliera: non disponibile""; discounted bmove app rate EUR 1.60/h; small 41-space lot at Piazzale Montelungo"
filled_partial.csv,fintraffic-619,duplicate place_id,3.00,24.00,EUR,EuroPark Finland Oy,P-Ruoholahti,https://www.europark.fi/pysakointi/p-ruoholahti/,"1st hour free, 2nd hour 3.00 (used as marginal rate), following hours 4.00 (2.00/starting 30 min); 24h continuous max 24.00. P+R bays on floor -5: first 12 h 2.00 EUR, requires HSL mobile-ticket QR or HSL card to be shown at start - P+R, transit-conditional. Hourly/daily figures are the general garage tariff, not the P+R fee. LIIPI id 619 pricingMethod=PAID_12H, authenticationMethods=[HSL_TICKET]."
filled_partial.csv,fintraffic-1090,duplicate place_id,0,,EUR,Kaupunkiliikenne Oy,Vuosaaren Mosaiikkiparkki,https://parking.fintraffic.fi/api/v1/facilities/1090,"no 24h maximum published: free only for a max 12h stay (LIIPI FREE_12H), so daily_cap left blank rather than 0. Daily opening hours 05-24. LIIPI alias 'Mosaiikkitorin Pysakointi'. free, liityntapysakointi, free for max 12 h (LIIPI pricingMethod=FREE_12H). No fee published for this site in any tariff row. P+R, transit-conditional (LIIPI usages=[PARK_AND_RIDE], authenticationMethods=[] so no per-site ticket check is recorded; HSL's general P+R rules require a valid HSL ticket)."
filled_partial.csv,fintraffic-1031,duplicate place_id,,1.00,EUR,Aimo Park Finland Oy,Kulosaaren puistotie läntinen P2,https://parking.fintraffic.fi/api/v1/facilities/1031,"Flat 1.00 EUR for the first 12 h (LIIPI pricingMethod=PAID_12H, price='1'); no hourly tariff published, so hourly_rate left blank and the flat fee recorded as the max charge for the longest permitted stay (12 h, not 24 h). Field semantics verified: the identical PAID_12H price='2' at LIIPI id 619 equals EuroPark's published 'first 12 hours 2.00 EUR'. LIIPI priceExtra='1' is undocumented. No Aimo Park page for this site could be found. P+R, transit-conditional (LIIPI usages=[PARK_AND_RIDE], authenticationMethods=[] so no per-site ticket check is recorded; HSL's general P+R rules require a valid HSL ticket)."
filled_partial.csv,fintraffic-517,duplicate place_id,0,,EUR,FLS Finland,Muuntajankatu P4,https://parking.fintraffic.fi/api/v1/facilities/517,"no 24h maximum published: free only for a max 12h stay (LIIPI FREE_12H), so daily_cap left blank rather than 0. free, liityntapysakointi, free for max 12 h (LIIPI pricingMethod=FREE_12H). No fee published for this site in any tariff row. P+R, transit-conditional (LIIPI usages=[PARK_AND_RIDE], authenticationMethods=[] so no per-site ticket check is recorded; HSL's general P+R rules require a valid HSL ticket)."
filled_partial.csv,fintraffic-473,duplicate place_id,0,,EUR,FLS Finland,Takkakuja,https://parking.fintraffic.fi/api/v1/facilities/473,"no 24h maximum published: free only for a max 12h stay (LIIPI FREE_12H), so daily_cap left blank rather than 0. free, liityntapysakointi, free for max 12 h (LIIPI pricingMethod=FREE_12H). No fee published for this site in any tariff row. P+R, transit-conditional (LIIPI usages=[PARK_AND_RIDE], authenticationMethods=[] so no per-site ticket check is recorded; HSL's general P+R rules require a valid HSL ticket)."
filled_partial.csv,fintraffic-303,duplicate place_id,0,0,EUR,FLS Finland,Eskolantie P1,https://parking.fintraffic.fi/api/v1/facilities/303,"free, liityntapysakointi, free 24/7 (LIIPI pricingMethod=PARK_AND_RIDE_247_FREE). No fee published for this site in any tariff row. P+R, transit-conditional (LIIPI usages=[PARK_AND_RIDE], authenticationMethods=[] so no per-site ticket check is recorded; HSL's general P+R rules require a valid HSL ticket)."
filled_partial.csv,fintraffic-268,duplicate place_id,0,0,EUR,Kaupunkiliikenne Oy,Raidekuja,https://parking.fintraffic.fi/api/v1/facilities/268,"LIIPI status=EXCEPTIONAL_SITUATION, but the attached note refers to roadworks in May-June 2024 and appears stale. free, liityntapysakointi, free 24/7 (LIIPI pricingMethod=PARK_AND_RIDE_247_FREE). No fee published for this site in any tariff row. P+R, transit-conditional (LIIPI usages=[PARK_AND_RIDE], authenticationMethods=[] so no per-site ticket check is recorded; HSL's general P+R rules require a valid HSL ticket)."
filled_partial.csv,fintraffic-46,duplicate place_id,0,,EUR,FLS Finland,Haagan pappilantie,https://parking.fintraffic.fi/api/v1/facilities/46,"no 24h maximum published: free only for a max 12h stay (LIIPI FREE_12H), so daily_cap left blank rather than 0. free, liityntapysakointi, free for max 12 h (LIIPI pricingMethod=FREE_12H). No fee published for this site in any tariff row. P+R, transit-conditional (LIIPI usages=[PARK_AND_RIDE], authenticationMethods=[] so no per-site ticket check is recorded; HSL's general P+R rules require a valid HSL ticket)."
filled_partial.csv,fintraffic-507,duplicate place_id,0,,EUR,FLS Finland,Siilitie läntinen P1,https://parking.fintraffic.fi/api/v1/facilities/507,"no 24h maximum published: free only for a max 12h stay (LIIPI FREE_12H), so daily_cap left blank rather than 0. free, liityntapysakointi, free for max 12 h (LIIPI pricingMethod=FREE_12H). No fee published for this site in any tariff row. P+R, transit-conditional (LIIPI usages=[PARK_AND_RIDE], authenticationMethods=[] so no per-site ticket check is recorded; HSL's general P+R rules require a valid HSL ticket)."
filled_partial.csv,fintraffic-755,duplicate place_id,2.20,,EUR,EuroPark Finland Oy,P-Lauttis,https://www.europark.fi/pysakointi/p-lauttis/,"Mon-Sun 00-24 2.20 EUR/h (1.10 per starting 30 min), minimum charge 1.10; no 24h cap published. P+R bays on level P2 signed 'P+Metro 6-17': Mon-Fri 06-17 flat 2.00 EUR/parking occasion - P+R, transit-conditional. Hourly figure is the general garage tariff, not the P+R fee. LIIPI id 755 pricingMethod=CUSTOM; LIIPI still lists the stale 1.00/30 min (=2.00/h) rate and a dead operator URL."
filled_partial.csv,fintraffic-16,duplicate place_id,0,,EUR,Kaupunkiliikenne Oy,Luutnantinaukio,https://parking.fintraffic.fi/api/v1/facilities/16,"no 24h maximum published: free only for a max 12h stay (LIIPI FREE_12H), so daily_cap left blank rather than 0. LIIPI status=EXCEPTIONAL_SITUATION, but the attached note refers to roadworks in May-June 2024 and appears stale. free, liityntapysakointi, free for max 12 h (LIIPI pricingMethod=FREE_12H). No fee published for this site in any tariff row. P+R, transit-conditional (LIIPI usages=[PARK_AND_RIDE], authenticationMethods=[] so no per-site ticket check is recorded; HSL's general P+R rules require a valid HSL ticket)."
filled_partial.csv,fintraffic-283,duplicate place_id,0,,EUR,Kaupunkiliikenne Oy,Jäkälätie 10 eteläinen,https://parking.fintraffic.fi/api/v1/facilities/283,"no 24h maximum published: free only for a max 12h stay (LIIPI FREE_12H), so daily_cap left blank rather than 0. LIIPI builtCapacity CAR=54 but only 32 CAR spaces carry the P+R tariff row. free, liityntapysakointi, free for max 12 h (LIIPI pricingMethod=FREE_12H). No fee published for this site in any tariff row. P+R, transit-conditional (LIIPI usages=[PARK_AND_RIDE], authenticationMethods=[] so no per-site ticket check is recorded; HSL's general P+R rules require a valid HSL ticket)."
filled_partial.csv,fintraffic-579,duplicate place_id,0,0,EUR,Kaupunkiliikenne Oy,Rastilan metroasema,https://parking.fintraffic.fi/api/v1/facilities/579,"LIIPI status=EXCEPTIONAL_SITUATION, but the attached note refers to roadworks in May-June 2024 and appears stale. free, liityntapysakointi, free 24/7 (LIIPI pricingMethod=PARK_AND_RIDE_247_FREE). No fee published for this site in any tariff row. P+R, transit-conditional (LIIPI usages=[PARK_AND_RIDE], authenticationMethods=[] so no per-site ticket check is recorded; HSL's general P+R rules require a valid HSL ticket)."
filled_partial.csv,fintraffic-497,duplicate place_id,,1.00,EUR,Aimo Park Finland Oy,Ukko-Pekan porras P1,https://parking.fintraffic.fi/api/v1/facilities/497,"Flat 1.00 EUR for the first 12 h (LIIPI pricingMethod=PAID_12H, price='1'); no hourly tariff published, so hourly_rate left blank and the flat fee recorded as the max charge for the longest permitted stay (12 h, not 24 h). Field semantics verified: the identical PAID_12H price='2' at LIIPI id 619 equals EuroPark's published 'first 12 hours 2.00 EUR'. LIIPI priceExtra='1' is undocumented. No Aimo Park page for this site could be found. P+R, transit-conditional (LIIPI usages=[PARK_AND_RIDE], authenticationMethods=[] so no per-site ticket check is recorded; HSL's general P+R rules require a valid HSL ticket)."
filled_partial.csv,fintraffic-1046,duplicate place_id,0,,EUR,FLS Finland,Kontulan ostoskeskus,https://parking.fintraffic.fi/api/v1/facilities/1046,"no 24h maximum published: free only for a max 12h stay (LIIPI FREE_12H), so daily_cap left blank rather than 0. free, liityntapysakointi, free for max 12 h (LIIPI pricingMethod=FREE_12H). No fee published for this site in any tariff row. P+R, transit-conditional (LIIPI usages=[PARK_AND_RIDE], authenticationMethods=[] so no per-site ticket check is recorded; HSL's general P+R rules require a valid HSL ticket)."
filled_partial.csv,fintraffic-308,duplicate place_id,0,0,EUR,FLS Finland,Ratavallintie P2,https://parking.fintraffic.fi/api/v1/facilities/308,"free, liityntapysakointi, free 24/7 (LIIPI pricingMethod=PARK_AND_RIDE_247_FREE). No fee published for this site in any tariff row. P+R, transit-conditional (LIIPI usages=[PARK_AND_RIDE], authenticationMethods=[] so no per-site ticket check is recorded; HSL's general P+R rules require a valid HSL ticket)."
filled_partial.csv,fintraffic-31,duplicate place_id,0,,EUR,Kaupunkiliikenne Oy,Soittajantie,https://parking.fintraffic.fi/api/v1/facilities/31,"no 24h maximum published: free only for a max 12h stay (LIIPI FREE_12H), so daily_cap left blank rather than 0. LIIPI status=EXCEPTIONAL_SITUATION, but the attached note refers to roadworks in May-June 2024 and appears stale. free, liityntapysakointi, free for max 12 h (LIIPI pricingMethod=FREE_12H). No fee published for this site in any tariff row. P+R, transit-conditional (LIIPI usages=[PARK_AND_RIDE], authenticationMethods=[] so no per-site ticket check is recorded; HSL's general P+R rules require a valid HSL ticket)."
filled_partial.csv,fintraffic-512,duplicate place_id,0,,EUR,FLS Finland,Siilitie itäinen P2,https://parking.fintraffic.fi/api/v1/facilities/512,"no 24h maximum published: free only for a max 12h stay (LIIPI FREE_12H), so daily_cap left blank rather than 0. free, liityntapysakointi, free for max 12 h (LIIPI pricingMethod=FREE_12H). No fee published for this site in any tariff row. P+R, transit-conditional (LIIPI usages=[PARK_AND_RIDE], authenticationMethods=[] so no per-site ticket check is recorded; HSL's general P+R rules require a valid HSL ticket)."
filled_partial.csv,madrid-live-84,duplicate place_id,3.25,39.35,EUR,EMT Madrid,Plaza Mayor,https://www.emtmadrid.es/Bloques-EMT/EMT-Aparcamientos/Publicos?lang=es-ES,per-minute tariff converted; EMT 2026 bands (IVA 21% incl.) 0-30min 0.0513 EUR/min; 31-90min 0.0464; 91-660min 0.0615; published stay values 1h=2.90 / 2h=6.15 so marginal 2nd hour = 3.25; garage named on EMT 'Publicos' rotacion page which carries the 'Tarifa oficial de aparcamientos para coches' sheet (https://www.emtmadrid.es/getattachment/Bloques-EMT-Contenido/EMT-Aparcamientos/Publicos/TGen-v2.png.aspx); mixed rotacion/residentes
filled_partial.csv,madrid-live-53,duplicate place_id,3.25,39.35,EUR,EMT Madrid,Plaza España,https://www.emtmadrid.es/Bloques-EMT/EMT-Aparcamientos/Publicos?lang=es-ES,per-minute tariff converted; EMT 2026 bands (IVA 21% incl.) 0-30min 0.0513 EUR/min; 31-90min 0.0464; 91-660min 0.0615; published stay values 1h=2.90 / 2h=6.15 so marginal 2nd hour = 3.25; garage named on EMT 'Publicos' rotacion page which carries the general EMT car tariff sheet TGen-v2.png
filled_partial.csv,madrid-live-12,duplicate place_id,3.25,39.35,EUR,EMT Madrid,Almagro,https://www.emtmadrid.es/Bloques-EMT/EMT-Aparcamientos/Publicos?lang=es-ES,per-minute tariff converted; EMT 2026 bands (IVA 21% incl.) 0-30min 0.0513 EUR/min; 31-90min 0.0464; 91-660min 0.0615; published stay values 1h=2.90 / 2h=6.15 so marginal 2nd hour = 3.25; garage named on EMT 'Publicos' rotacion page which carries the general EMT car tariff sheet TGen-v2.png
filled_partial.csv,madrid-live-99,duplicate place_id,3.25,39.35,EUR,EMT Madrid,Olavide,https://www.emtmadrid.es/Bloques-EMT/EMT-Aparcamientos/Publicos?lang=es-ES,per-minute tariff converted; EMT 2026 bands (IVA 21% incl.) 0-30min 0.0513 EUR/min; 31-90min 0.0464; 91-660min 0.0615; published stay values 1h=2.90 / 2h=6.15 so marginal 2nd hour = 3.25; garage named on EMT 'Publicos' rotacion page which carries the general EMT car tariff sheet TGen-v2.png
filled_partial.csv,madrid-live-25,duplicate place_id,3.25,39.35,EUR,EMT Madrid,Marqués Salamanca,https://www.emtmadrid.es/Bloques-EMT/EMT-Aparcamientos/Publicos?lang=es-ES,per-minute tariff converted; EMT 2026 bands (IVA 21% incl.) 0-30min 0.0513 EUR/min; 31-90min 0.0464; 91-660min 0.0615; published stay values 1h=2.90 / 2h=6.15 so marginal 2nd hour = 3.25; garage named on EMT 'Publicos' rotacion page which carries the general EMT car tariff sheet TGen-v2.png; mixed rotacion/residentes
filled_partial.csv,madrid-live-100,duplicate place_id,3.25,39.35,EUR,EMT Madrid,Fuencarral,https://www.emtmadrid.es/Bloques-EMT/EMT-Aparcamientos/Publicos?lang=es-ES,per-minute tariff converted; EMT 2026 bands (IVA 21% incl.) 0-30min 0.0513 EUR/min; 31-90min 0.0464; 91-660min 0.0615; published stay values 1h=2.90 / 2h=6.15 so marginal 2nd hour = 3.25; garage named on EMT 'Publicos' rotacion page (Fuencarral 121) which carries the general EMT car tariff sheet TGen-v2.png; mixed rotacion/residentes
filled_partial.csv,madrid-live-9,duplicate place_id,3.25,39.35,EUR,EMT Madrid,Recoletos,https://www.emtmadrid.es/Bloques-EMT/EMT-Aparcamientos/Publicos?lang=es-ES,per-minute tariff converted; EMT 2026 bands (IVA 21% incl.) 0-30min 0.0513 EUR/min; 31-90min 0.0464; 91-660min 0.0615; published stay values 1h=2.90 / 2h=6.15 so marginal 2nd hour = 3.25; garage named on EMT 'Publicos' rotacion page (Paseo de Recoletos 4) which carries the general EMT car tariff sheet TGen-v2.png; mixed rotacion/residentes
filled_partial.csv,madrid-live-67,duplicate place_id,3.25,39.35,EUR,EMT Madrid,Villa de París,https://www.emtmadrid.es/Bloques-EMT/EMT-Aparcamientos/Publicos?lang=es-ES,per-minute tariff converted; EMT 2026 bands (IVA 21% incl.) 0-30min 0.0513 EUR/min; 31-90min 0.0464; 91-660min 0.0615; published stay values 1h=2.90 / 2h=6.15 so marginal 2nd hour = 3.25; garage named on EMT 'Publicos' rotacion page which carries the general EMT car tariff sheet TGen-v2.png
filled_partial.csv,madrid-live-71,duplicate place_id,3.25,39.35,EUR,EMT Madrid,Pedro Zerolo,https://www.emtmadrid.es/Bloques-EMT/EMT-Aparcamientos/Publicos?lang=es-ES,per-minute tariff converted; EMT 2026 bands (IVA 21% incl.) 0-30min 0.0513 EUR/min; 31-90min 0.0464; 91-660min 0.0615; published stay values 1h=2.90 / 2h=6.15 so marginal 2nd hour = 3.25; garage named on EMT 'Publicos' rotacion page which carries the general EMT car tariff sheet TGen-v2.png; mixed rotacion/residentes (ex Vazquez de Mella)
filled_partial.csv,madrid-live-22,duplicate place_id,3.25,18.00,EUR,EMT Madrid,ORENSE,https://www.emtmadrid.es/getattachment/Bloques-EMT-Contenido/EMT-Aparcamientos/Publicos/DS-18.png.aspx,dedicated EMT tariff sheet naming this garage; in force 1 Jan 2026; per-minute tariff converted; bands (IVA 21% incl.) 0-30min 0.0513 EUR/min; 31-90min 0.0464; 91-222min 0.0615; published stay values 1h=2.90 / 2h=6.15 so marginal 2nd hour = 3.25; reduced 24h maximum 18.00 EUR
filled_partial.csv,madrid-live-7,duplicate place_id,3.25,20.00,EUR,EMT Madrid,AVENIDA DE PORTUGAL,https://www.emtmadrid.es/getattachment/Bloques-EMT-Contenido/EMT-Aparcamientos/Publicos/DS-20.png.aspx,"P+R, transit-conditional (aparcamiento disuasorio: free for 5-16h stays only when combined with a public-transport ticket; the recorded hourly_rate/daily_cap are the ordinary rotacion rates, not the P+R rate). dedicated EMT tariff sheet naming this garage; in force 1 Jan 2026; per-minute tariff converted; bands (IVA 21% incl.) 0-30min 0.0513 EUR/min; 31-90min 0.0464; 91-222min 0.0615; published stay values 1h=2.90 / 2h=6.15 so marginal 2nd hour = 3.25; reduced 24h maximum 20.00 EUR; also an aparcamiento disuasorio - free for 5-16h stays combined with a public-transport ticket"
filled_partial.csv,madrid-live-5,duplicate place_id,3.25,25.00,EUR,EMT Madrid,NUESTRA SEÑORA DEL RECUERDO,https://www.emtmadrid.es/getattachment/Bloques-EMT-Contenido/EMT-Aparcamientos/Publicos/DS-25.png.aspx,"P+R, transit-conditional (aparcamiento disuasorio: free for 5-16h stays only when combined with a public-transport ticket; the recorded hourly_rate/daily_cap are the ordinary rotacion rates, not the P+R rate). dedicated EMT tariff sheet naming this garage; in force 1 Jan 2026; per-minute tariff converted; bands (IVA 21% incl.) 0-30min 0.0513 EUR/min; 31-90min 0.0464; 91-222min 0.0615; published stay values 1h=2.90 / 2h=6.15 so marginal 2nd hour = 3.25; reduced 24h maximum 25.00 EUR; EMT park-and-ride at C/ Hiedra 26 (not a school site) - free for 5-16h stays combined with a public-transport ticket"
filled_partial.csv,torino-5t-10,duplicate place_id,1.00,7.00,EUR,GTT,PALAGIUSTIZIA,https://www.gtt.to.it/cms/parcheggi/31-barriera/rotazione/424-palagiust,diurna 7.30-20.00; notturna 0.80/h 20.00-7.30; festiva 0.80/h; giornaliera valid only on day of issue; source says 506 spaces vs 616 in input
filled_partial.csv,torino-5t-19,duplicate place_id,1.70,13.00,EUR,APCOA,Corso Stati Uniti,https://www.apcoa.it/sosta-breve/sedi/torino/corso-stati-uniti,ogni ora o frazione; 520 spaces on source page
filled_partial.csv,torino-5t-25,duplicate place_id,1.00,7.00,EUR,GTT,MOLINETTE,https://www.gtt.to.it/cms/parcheggi/31-barriera/rotazione/422-molinette,hospital car park (A.O. San Giovanni Battista); notturna 0.80/h; festiva 0.80/h; source says 575 spaces vs 481 in input
filled_partial.csv,torino-5t-30,duplicate place_id,1.80,18.00,EUR,Parcheggi Italia SpA (Best in Parking),Parcheggio Vittorio Park,https://www.bestinparking.com/it/it/garage/parcheggio-vittorio-park,0-30 min 0.90; prima ora 1.80; ogni ulteriore frazione 30 min 0.90; outside ZTL; second (lower) price column on page not used; source says 618 spaces vs 476 in input - identity UNCERTAIN on capacity
filled_partial.csv,torino-5t-2,duplicate place_id,2.20,,EUR,ACI (AC Torino / ACImmagine),PARCHEGGI ACI - PARCHEGGIO PIAZZA BODONI,https://torino.aci.it/entra-nel-club/parcheggi-aci/parcheggio.html?id=55644cc0cd68b91b21d44fcd,"non-member rate (first 30 min 1.10); ACI members 2.00/h; tariff in force from 1/1/2024; no 24h cap published; centro storico ZTL Centrale 7.30-10.30, daily exemption form at the manned desk; 468 spaces"
filled_partial.csv,torino-5t-18,duplicate place_id,2.00,14.00,EUR,GTT,VALDO FUSI,https://www.gtt.to.it/cms/parcheggi/31-barriera/rotazione/436-valdofusi,diurna 7.30-20.00; notturna/festiva 1.60/h; inside ZTL Centrale - plate must be reported to staff by 11.00 to avoid fine
filled_partial.csv,torino-5t-48,duplicate place_id,0.50,,EUR,GTT,VENCHI UNICA,https://www.gtt.to.it/cms/parcheggi/31-barriera/rotazione/438-venchi-unica,"flat 0.50/h 24h; P+R interchange car park, Park&Ride day ticket 5.50 (1.00 parking + 4.50 transit); no 24h cap published"
filled_partial.csv,torino-5t-23,duplicate place_id,0.50,,EUR,GTT,PARCHEGGIO CAIO MARIO,https://www.gtt.to.it/cms/parcheggi/31-barriera/rotazione/1630-caio-mario,"car section only (430 spaces); flat 0.50/h 24h; P+R interchange, Park&Ride day ticket 5.50 (1.00 parking + 4.50 transit, transit-conditional); no 24h cap published"
filled_partial.csv,torino-5t-9,duplicate place_id,1.00,7.00,EUR,GTT,NIZZA-CARDUCCI,https://www.gtt.to.it/cms/parcheggi/31-barriera/rotazione/423-nizzacarducci,diurna 7.30-20.00; notturna/festiva 0.80/h
filled_partial.csv,torino-5t-16,duplicate place_id,1.00,7.00,EUR,GTT,FONTANESI,https://www.gtt.to.it/cms/parcheggi/31-barriera/rotazione/419-fontanesi,diurna 7.30-20.00; notturna 0.80/h; festiva 0.80/h 7.30-20.00; serves Gradenigo hospital
filled_partial.csv,torino-5t-12,duplicate place_id,2.00,14.00,EUR,GTT,SANTO STEFANO,https://www.gtt.to.it/cms/parcheggi/31-barriera/rotazione/431-santostefano,diurna 7.30-20.00; notturna/festiva 1.60/h; inside ZTL Centrale - plate must be reported to staff by 11.00
filled_partial.csv,torino-5t-46,duplicate place_id,1.00,7.00,EUR,GTT,PARCHEGGIO BACIGALUPO,https://www.gtt.to.it/cms/parcheggi/31-barriera/rotazione/408-bacigalupo,corso Spezia 44; diurna 7.30-20.00; notturna/festiva 0.80/h
filled_partial.csv,torino-5t-60,duplicate place_id,1.00,7.00,EUR,GTT,LANCIA,https://www.gtt.to.it/cms/parcheggi/31-barriera/rotazione/10701-lancia,diurna 7.30-20.00; notturna/festiva 0.80/h; 19 Oct - 3 Nov 2026 only level -1 usable (art fair)
filled_partial.csv,torino-5t-15,duplicate place_id,1.00,7.00,EUR,GTT,VENTIMIGLIA,https://www.gtt.to.it/cms/parcheggi/31-barriera/rotazione/439-xxmiglia,diurna 7.30-20.00; notturna/festiva 0.80/h
filled_partial.csv,torino-5t-6,duplicate place_id,1.80,14.00,EUR,Parcheggi Italia SpA (Best in Parking),Parcheggio Galileo Ferraris,https://www.bestinparking.com/it/it/garage/parcheggio-galileo-ferraris,0.90 per 30 min on weekdays (giorni feriali) = 1.80/h; 0.60/30 min on holidays = 1.20/h; second (lower) price column on page not used; 305 spaces on source
filled_partial.csv,torino-5t-27,duplicate place_id,0.50,,EUR,GTT,SOFIA,https://www.gtt.to.it/cms/parcheggi/31-barriera/rotazione/432-sofia,flat 0.50/h 24h; piazza Sofia; no 24h cap published
filled_partial.csv,torino-5t-8,duplicate place_id,1.70,,EUR,ACI (AC Torino / ACImmagine),PARCHEGGI ACI - MADAMA CRISTINA,https://torino.aci.it/entra-nel-club/parcheggi-aci/parcheggio.html?id=55644dbecd68b91b21d44fce,non-member rate (first 30 min 0.80); ACI members 1.50/h; no 24h cap published; manned 24h
filled_partial.csv,torino-5t-47,duplicate place_id,1.00,7.00,EUR,GTT,"Il parcheggio ""Bixio""",https://www.gtt.to.it/cms/parcheggi/31-barriera/rotazione/409-bixio,diurna 7.30-20.00; notturna 0.80/h or fraction; festiva 0.80/h 7.30-20.00; serves Palazzo di Giustizia
filled_partial.csv,torino-5t-51,duplicate place_id,2.50,25.00,EUR,FS Park (Gruppo FS Italiane),Torino Porta Nuova,https://www.fspark.it/it/parcheggi/nord-ovest-italia/torino-porta-nuova.html,hourly rate valid 24h per hour or fraction; free exit within 15 min of entry; via Paolo Sacchi 3 / corso Vittorio Emanuele II; 236 spaces on source vs 242 in input; input coordinates sit ~300 m east of the listed entrance
filled_partial.csv,torino-5t-4,duplicate place_id,1.00,7.00,EUR,GTT,PARCHEGGIO D'AZEGLIO - GALILEI,https://www.gtt.to.it/cms/parcheggi/31-barriera/rotazione/407-azegliogalilei,diurna 7.30-20.00; notturna/festiva 0.80/h
filled_partial.csv,torino-5t-66,duplicate place_id,1.00,7.00,EUR,GTT,PARCHEGGIO PALAZZO DEL NUOTO,https://www.gtt.to.it/cms/parcheggi/31-barriera/rotazione/12675-pal-nuoto,diurna 7.30-20.00; notturna/festiva 0.80/h; on event days instead 2.00 per 30 min capped at 10.00
filled_partial.csv,torino-5t-32,duplicate place_id,2.40,10.00,EUR,APCOA,Ospedale C.T.O.,https://www.apcoa.it/sosta-breve/sedi/torino/ospedale-cto,1.20 per 30 min 07:00-15:00 = 2.40/h daytime; 0.60 per 30 min 16:00-07:00 = 1.20/h; hospital car park; 167 spaces on source
filled_partial.csv,torino-5t-56,duplicate place_id,1.00,7.00,EUR,GTT,"Il parcheggio ""Monti""",https://www.gtt.to.it/cms/parcheggi/31-barriera/rotazione/4970-monti,diurna 7.30-20.00; notturna/festiva 0.80/h
filled_partial.csv,torino-5t-53,duplicate place_id,1.20,,EUR,GTT,"Il parcheggio ""Ancona""",https://www.gtt.to.it/cms/parcheggi/31-barriera/rotazione/4183-ancona,"0.60 per 30 min or fraction = 1.20/h; no 24h cap published, only a weekend flat 5.00 Fri 18.00 - Mon 08.00; 00.00-06.00 subscribers only"
filled_partial.csv,torino-5t-13,duplicate place_id,2.00,14.00,EUR,GTT,RE UMBERTO,https://www.gtt.to.it/cms/parcheggi/31-barriera/rotazione/426-reumberto,"diurna 7.30-20.00; notturna/festiva 1.60/h; corso Matteotti entrance closed for works, use piazza Solferino"
filled_partial.csv,torino-5t-52,duplicate place_id,2.20,12.00,EUR,FS Park (Gruppo FS Italiane),Torino Porta Susa,https://www.fspark.it/it/parcheggi/nord-ovest-italia/torino-porta-susa.html,"hourly rate valid 24h per hour or fraction; open 05:00-24:00 only; corso Bolzano; 168 spaces on source vs 123 in input - identity UNCERTAIN, a separate 858-space Parcheggi Italia garage also sits at corso Bolzano 47/A"
filled_partial.csv,torino-5t-59,duplicate place_id,1.00,7.00,EUR,GTT,PARCHEGGIO RICHELMY,https://www.gtt.to.it/cms/parcheggi/31-barriera/rotazione/3139-richelmy,via Medail / via del Sarto 3; diurna 7.30-20.00; notturna/festiva 0.80/h
filled_partial.csv,torino-5t-54,duplicate place_id,2.50,16.00,EUR,APCOA,Palestro,https://www.apcoa.it/sosta-breve/sedi/torino/palestro,ogni ora o frazione; via Ignazio Bertola 68; 121 spaces on source
filled_partial.csv,torino-5t-5,duplicate place_id,1.95,20.00,EUR,APCOA,Emanuele Filiberto,https://www.apcoa.it/sosta-breve/sedi/torino/emanuele-filiberto,"1.95 per hour or fraction from the 1st to the 7th hour; underground garage in piazza Emanuele Filiberto 14; a separate 50-space APCOA surface lot ""Area Filiberto"" at the same address charges 2.50/h with no daily cap"
filled_partial.csv,torino-5t-57,duplicate place_id,1.80,17.00,EUR,APCOA,Mercato Centrale,https://www.apcoa.it/sosta-breve/sedi/torino/mercato-centrale,"first 30 min 0.90, each subsequent hour or fraction 1.80 (marginal rate used); via della Repubblica 17, Porta Palazzo"
filled_partial.csv,torino-5t-55,duplicate place_id,2.80,18.00,EUR,Parcheggi Italia SpA (Best in Parking),Parcheggio Cernaia,https://www.bestinparking.com/it/it/garage/parcheggio-cernaia,prima ora 2.80; ogni frazione da 30 minuti 1.40 (= 2.80/h); second (lower) price column on page not used; 94 spaces matches input exactly
filled_partial.csv,torino-5t-11,duplicate place_id,1.85,16.00,EUR,APCOA,Porta Palazzo,https://www.apcoa.it/sosta-breve/sedi/torino/porta-palazzo,ogni ora o frazione; via XI Febbraio 3; 770 spaces on source vs 653 in input
filled_partial.csv,torino-5t-50,duplicate place_id,,18.00,EUR,GTT,Area camper Caio Mario,https://www.gtt.to.it/cms/parcheggi/31-barriera/rotazione/1630-caio-mario,"camper/motorhome area, 57 spaces (matches input exactly); no hourly tariff published - only daily 18.00 (2 days 36.00 ... 7 days 126.00), max 7 consecutive days, 200.00 deposit required; electricity 0.30/kWh extra"
filled_partial.csv,vigo-live-4756,duplicate place_id,2.71,25.00,EUR,Eloymar-Tranvías (parking.gal),Urzaiz,https://app.welgood.es/api/aparcamientosDto/9848b47d-3c11-4c3e-b695-86732c3487c2,"per-minute tariff converted: precioMinuto 0.0452 EUR/min x60 = 2.712; precioMaximoDia 25.00; data endpoint behind operator site https://urzaiz.parking.gal (Flutter app, no server-rendered tariff page); identity confirmed by plazasTotal=463 matching input capacity and by Concello de Vigo open-data KML linking this garage to urzaiz.parking.gal"
filled_partial.csv,vigo-live-4764,duplicate place_id,2.56,25.00,EUR,Eloymar-Tranvías (parking.gal),Policarpo Sanz,https://app.welgood.es/api/aparcamientosDto/e9f87882-8ce9-43e2-acdd-93fe86be4acb,"per-minute tariff converted: 0.0427 EUR/min x60 = 2.562; operator site https://policarpo.parking.gal; plazasTotal=460 matches input capacity; API geoLocalizacion (-8.7189) is ~330 m east of the input lon, but the municipal KML places Policarpo Sanz at the exact input coords and links it to policarpo.parking.gal"
filled_partial.csv,vigo-live-4762,duplicate place_id,2.22,25.00,EUR,WelGood Tranvías (parking.gal),Do Calvario,https://app.welgood.es/api/aparcamientosDto/67a02d78-4510-468c-b356-2af9b598a413,per-minute tariff converted: 0.0370 EUR/min x60 = 2.22; operator site https://calvario.parking.gal; plazasTotal=424 matches input capacity; municipal KML places Aparcamiento Calvario at the exact input coords with this site
filled_partial.csv,vigo-live-4763,duplicate place_id,2.22,25.00,EUR,WelGood Tranvías (parking.gal),Pza. América,https://app.welgood.es/api/aparcamientosDto/37038ec2-3185-4e00-b259-d6da4c54c8b8,"per-minute tariff converted: 0.0370 EUR/min x60 = 2.22; operator site https://plaza-america.parking.gal; plazasTotal=388 and geo 42.220146,-8.735333 both match the input"
filled_partial.csv,vigo-live-4761,duplicate place_id,2.39,25.00,EUR,Eloymar-Tranvías (parking.gal),Pintor Colmeiro,https://app.welgood.es/api/aparcamientosDto/ae176fe7-637b-4e09-9f8e-7724fdfb2caf,"per-minute tariff converted: 0.0399 EUR/min x60 = 2.394; operator site https://colmeiro.parking.gal; plazasTotal=366 and geo 42.22553,-8.726147 both match the input"
filled_partial.csv,vigo-live-5125,duplicate place_id,2.42,25.00,EUR,Eloymar-Tranvías (parking.gal),Areal,https://app.welgood.es/api/aparcamientosDto/83e98a7b-8154-4e24-b82b-4eb903e74d5c,"per-minute tariff converted: 0.0403 EUR/min x60 = 2.418; operator site https://areal.parking.gal (eloymartranvias.es redirects into the same parking.gal app); plazasTotal=285 and geo 42.239429,-8.718802 both match the input"
filled_partial.csv,vigo-live-406,duplicate place_id,2.56,25.00,EUR,Eloymar-Tranvías (parking.gal),Independencia,https://app.welgood.es/api/aparcamientosDto/238ba5a5-634e-4e88-942a-47deed2da238,"per-minute tariff converted: 0.0427 EUR/min x60 = 2.562; operator site https://independencia.parking.gal; plazasTotal=193 and geo 42.223106,-8.730365 both match the input"
filled_partial.csv,vigo-live-4759,duplicate place_id,2.88,20.00,EUR,Eloymar-Tranvías (parking.gal),Náutico Cíes,https://app.welgood.es/api/aparcamientosDto/20675a1b-f82f-481c-bf80-a1bf65eb7264,"per-minute tariff converted: 0.0480 EUR/min x60 = 2.88; daily cap 20.00 here (lower than the 25.00 of the operator's other Vigo garages); operator site https://nautico.parking.gal; plazasTotal=180 and geo 42.240396,-8.725195 both match the input"
filled_partial.csv,vigo-live-5110,duplicate place_id,1.80,19.90,EUR,Telpark by Empark,Parking Plaza de Portugal,https://www.telpark.com/es/ciudades/vigo/parking-plaza-de-portugal/,"page publishes only ""Precio primera hora 1,80 €"" and ""Máximo Diario 19,90€"" — no separate 2nd-hour or per-minute rate is published, so the first-hour price is used as the hourly rate; identity confirmed by the page stating 183 car spaces (matches input capacity) and Plaza de Portugal s/n access"
