place_id,hourly_rate,daily_cap,currency,operator,listed_name,source_url,note
parken-in-bochum-PH-Stadionring,,6.00,EUR,Parken in Bochum (WEG Bochum),PH Stadionring,https://www.parken-in-bochum.de/parkhaeuser/parkhaus/ph-stadionring/,"flat 24h tariff 6,00 € only, no hourly rate published; overflow lot P3 (Bedarfsparkplatz) 12,00 € flat; event parking, cashless only"
parken-in-bochum-P5-Bruckstrasse,1.90,17.10,EUR,Parken in Bochum (WEG Bochum),P5 Brückstraße,https://www.parken-in-bochum.de/parkhaeuser/parkhaus/p5-brueckstrasse/,"Stundentarif 1,90 €; Tagestarif 17,10 €; Spartarif 5,00 € pauschal bei Einfahrt ab 18:00 und Ausfahrt bis 10:00"
parken-in-bochum-P8-Konrad-Adenauer-Platz,1.90,17.10,EUR,Parken in Bochum (WEG Bochum),P8 Konrad-Adenauer-Platz / Bermuda3Eck,https://www.parken-in-bochum.de/parkhaeuser/parkhaus/p8-konrad-adenauer-platz-bermuda3eck/,"Stundentarif 1,90 €; Tagestarif 17,10 €; Spartarif 5,00 € pauschal bei Einfahrt ab 18:00 und Ausfahrt bis 10:00; motorcycles 0,90 €/h, 8,00 €/day"
parken-in-bochum-PH-Husemann-Karree,1.90,17.10,EUR,Parken in Bochum (WEG Bochum),PH Husemann Karree,https://www.parken-in-bochum.de/parkhaeuser/parkhaus/ph-husemann-karree/,"Stundentarif 1,90 €; Tagestarif 17,10 €; Spartarif 5,00 € pauschal bei Einfahrt ab 18:00 und Ausfahrt bis 10:00"
parken-in-bochum-P6-Hauptbahnhof-Buddenbergplatz,1.90,17.10,EUR,Parken in Bochum (WEG Bochum),P6 Hauptbahnhof (Buddenbergplatz),https://www.parken-in-bochum.de/parkhaeuser/parkhaus/p6-hauptbahnhof-buddenbergplatz/,"Stundentarif 1,90 €; Tagestarif 17,10 €; Spartarif erste halbe Stunde 1,00 €; Spar-Nachttarif 5,00 € pauschal; separate 'Parkebene Reisende' 20,00 €"
parken-in-bochum-P1-Husemannplatz,1.90,17.10,EUR,Parken in Bochum (WEG Bochum),P1 Husemannplatz,https://www.parken-in-bochum.de/parkhaeuser/parkhaus/p1-husemannplatz/,"Stundentarif 1,90 €; Tagestarif 17,10 €; Spartarif 5,00 € pauschal bei Einfahrt ab 18:00 und Ausfahrt bis 10:00"
parken-in-bochum-P7-Kurt-Schumacher-Platz,1.90,17.10,EUR,Parken in Bochum (WEG Bochum),P7 Kurt-Schumacher-Platz,https://www.parken-in-bochum.de/parkhaeuser/parkhaus/p7-kurt-schumacher-platz/,"Stundentarif 1,90 €; Tagestarif 17,10 €; Spartarif 5,00 € pauschal bei Einfahrt ab 18:00 und Ausfahrt bis 10:00"
parken-in-bochum-P3-Rathaus-BVZ,1.90,17.10,EUR,Parken in Bochum (WEG Bochum),P3 Rathaus (BVZ),https://www.parken-in-bochum.de/parkhaeuser/parkhaus/p3-rathaus-bvz/,"Stundentarif 1,90 €; Tagestarif 17,10 €; Spartarif 5,00 € pauschal bei Einfahrt ab 18:00 und Ausfahrt bis 10:00"
parken-in-bochum-P2-Dr-Ruer-Platz,1.90,17.10,EUR,Parken in Bochum (WEG Bochum),P2 Dr.-Ruer-Platz,https://www.parken-in-bochum.de/parkhaeuser/parkhaus/p2-dr-ruer-platz/,"Stundentarif 1,90 €; Tagestarif 17,10 €; Spartarif 5,00 € pauschal bei Einfahrt ab 18:00 und Ausfahrt bis 10:00"
parken-in-bochum-P9-Schauspielhaus,,6.00,EUR,Parken in Bochum (WEG Bochum),P9 Schauspielhaus,https://www.parken-in-bochum.de/parkhaeuser/parkhaus/p9-schauspielhaus/,"only a flat Theatertarif of 6,00 € per visit is published (no hourly tariff); recorded here as the per-stay maximum"
parken-in-bochum-PF-Bochumer-Fenster,1.90,17.10,EUR,Parken in Bochum (WEG Bochum),PH Bochumer Fenster,https://www.parken-in-bochum.de/parkhaeuser/parkhaus/ph-bochumer-fenster/,"Stundentarif 1,90 €; Tagestarif 17,10 €; Spartarif 5,00 € pauschal bei Einfahrt ab 18:00 und Ausfahrt bis 10:00"
parken-in-bochum-PM-Massenbergstrasse,1.90,17.10,EUR,Parken in Bochum (WEG Bochum),PH Massenbergstraße,https://www.parken-in-bochum.de/parkhaeuser/parkhaus/ph-massenbergstrasse/,"Stundentarif 1,90 €; Tagestarif 17,10 €; Spartarif 5,00 € pauschal bei Einfahrt ab 18:00 und Ausfahrt bis 10:00"
bonn-bcp-parken-friedensplatz,2.00,25.00,EUR,BCP (Bonner City Parkraum GmbH),Friedensplatzgarage,https://bcp-bonn.de/preise/,"1. und 2. Stunde je 2,00 €, ab der 3. Stunde 2,50 €/h; Höchsttarif 25,00 € werktags / 8,00 € Sonn- und Feiertage; Sonn-/Feiertagstarif 1,00 €/h; Nachttarif ab 19:00 1,00 €/h max 3,00 €. Matched by capacity 810 (input) = 810 Einstellplätze, entrance Oxfordstraße"
bonn-bcp-parken-unigarage,2.00,25.00,EUR,BCP (Bonner City Parkraum GmbH),Unigarage,https://bcp-bonn.de/preise/,"1. und 2. Stunde je 2,00 €, ab der 3. Stunde 2,50 €/h; Höchsttarif 25,00 € werktags / 8,00 € Sonn- und Feiertage; Sonn-/Feiertagstarif 1,00 €/h; Nachttarif ab 19:00 1,00 €/h max 3,00 €. Matched by capacity 438 = 438 Einstellplätze, entrance Regina-Pacis-Weg"
bonn-bcp-parken-beethoven,2.00,25.00,EUR,BCP (Bonner City Parkraum GmbH),Beethoven-Parkhaus,https://bcp-bonn.de/preise/,"1. und 2. Stunde je 2,00 €, ab der 3. Stunde 2,50 €/h; Höchsttarif 25,00 € werktags / 8,00 € Sonn- und Feiertage; Sonn-/Feiertagstarif 1,00 €/h; Nachttarif ab 19:00 1,00 €/h max 3,00 €. Matched to Beethoven-Parkhaus (426 Einstellplätze vs input 416), NOT the separate Beethoven-Parkplatz (58 places). Also sells 3-/10-/30-day tickets"
bonn-bcp-parken-operngarage,2.00,25.00,EUR,BCP (Bonner City Parkraum GmbH),Operngarage,https://bcp-bonn.de/preise/,"1. und 2. Stunde je 2,00 €, ab der 3. Stunde 2,50 €/h; Höchsttarif 25,00 € werktags / 8,00 € Sonn- und Feiertage; Sonn-/Feiertagstarif 1,00 €/h; Nachttarif ab 19:00 1,00 €/h max 3,00 €. Additional Veranstaltungstarif 5,00 € valid 120 min before to 120 min after a performance (Operngarage only); also sells 3-/10-/30-day tickets"
bonn-bcp-parken-stadthaus,2.00,25.00,EUR,BCP (Bonner City Parkraum GmbH),Stadthausgarage,https://bcp-bonn.de/preise/,"1. und 2. Stunde je 2,00 €, ab der 3. Stunde 2,50 €/h; Höchsttarif 25,00 € werktags / 8,00 € Sonn- und Feiertage; Sonn-/Feiertagstarif 1,00 €/h; Nachttarif ab 19:00 1,00 €/h max 3,00 €. Matched by entrance Weiherstraße, 300 Einstellplätze vs input 320"
bonn-bcp-parken-muensterplatz,2.00,25.00,EUR,BCP (Bonner City Parkraum GmbH),Münsterplatzgarage,https://bcp-bonn.de/preise/,"1. und 2. Stunde je 2,00 €, ab der 3. Stunde 2,50 €/h; Höchsttarif 25,00 € werktags / 8,00 € Sonn- und Feiertage; Sonn-/Feiertagstarif 1,00 €/h; Nachttarif ab 19:00 1,00 €/h max 3,00 €. Matched by capacity 312 = 312 Einstellplätze, entrance Budapester Straße"
bonn-bcp-parken-Rabinstrasse,2.00,25.00,EUR,BCP (Bonner City Parkraum GmbH),Parkhaus Hauptbahnhof,https://bcp-bonn.de/preise/,"1. und 2. Stunde je 2,00 €, ab der 3. Stunde 2,50 €/h; Höchsttarif 25,00 € werktags / 8,00 € Sonn- und Feiertage; Sonn-/Feiertagstarif 1,00 €/h; Nachttarif ab 19:00 1,00 €/h max 3,00 €. Identity: BCP's PH Hauptbahnhof has its entrance on Rabinstraße, which is what the input name refers to (258 Einstellplätze vs input 305); also sells 3-/10-/20-/30-day tickets"
bonn-bcp-parken-markt,2.00,25.00,EUR,BCP (Bonner City Parkraum GmbH),Marktgarage,https://bcp-bonn.de/preise/,"1. und 2. Stunde je 2,00 €, ab der 3. Stunde 2,50 €/h; Höchsttarif 25,00 € werktags / 8,00 € Sonn- und Feiertage; Sonn-/Feiertagstarif 1,00 €/h; Nachttarif ab 19:00 1,00 €/h max 3,00 €. Matched by entrance Stockenstraße, 279 Einstellplätze vs input 287"
bonn-bcp-parken-bahnhof,2.00,25.00,EUR,BCP (Bonner City Parkraum GmbH),Alte Bahnhofgarage,https://bcp-bonn.de/preise/,"1. und 2. Stunde je 2,00 €, ab der 3. Stunde 2,50 €/h; Höchsttarif 25,00 € werktags / 8,00 € Sonn- und Feiertage; Sonn-/Feiertagstarif 1,00 €/h; Nachttarif ab 19:00 1,00 €/h max 3,00 €. Identity: matched to Alte Bahnhofgarage (89 Einstellplätze vs input 94, entrance Münsterstraße); BCP's larger PH Hauptbahnhof is mapped to the separate 'Rabinstrasse' row"
digistadt-dortmund-parken-Thier-Galerie,2.00,15.00,EUR,Thier-Galerie Dortmund (ECE Marketplaces GmbH & Co. KG),Thier-Galerie Dortmund - Parkhaus,https://www.thiergalerie.de/service/anfahrt/parken/parken/,"Day price applies to the day of entry only, NOT 24 h. Garage open Mo-Sa 08:00-20:00 (exit up to 30 min later); shopper validation: Parkwertkarte gives 10% bonus. Centre states 730 spaces vs 779 in city feed. [source text: 1. Stunde 2,00 € | Jede weitere Stunde 2,00 € (angefangene Stunde) | Tagespreis 15,00 € (Gilt für den Tag der Einfahrt – nicht für 24 Stunden)]"
digistadt-dortmund-parken-Hansaplatz-Karstadt,1.80,14.00,EUR,DOPARK GmbH,Hansaplatz,https://www.dopark.de/parkpreise,"Stepped tariff; 1st hour 2,00 €, marginal 2nd hour 1,80 €. Nachttarif 3,00 € only on entry after 19:00. Open 24/7. Capacity 588 matches city feed exactly. [source text: bis 1 Stunde 2,00 € | bis 2 Stunden 3,80 € | bis 3 Stunden 5,00 € | Tageskarte (bis 24 Stunden) 14,00 € | Nachttarif** 3,00 €]"
digistadt-dortmund-parken-Rathaus-Stadtgarten,1.80,14.00,EUR,DOPARK GmbH,Rathaus,https://www.dopark.de/parkpreise,"Stepped tariff; 1st hour 2,00 €, marginal 2nd hour 1,80 €. Closed Sundays/holidays (Mo-Sa 06:00-23:00). DOPARK address Prinzenstraße 6, 584 spaces = city feed exactly. [source text: bis 1 Stunde 2,00 € | bis 2 Stunden 3,80 € | bis 7 Stunden 11,00 € | Tageskarte (bis 24 Stunden) 14,00 €]"
digistadt-dortmund-parken-Hauptbahnhof,1.50,13.00,EUR,DIAG Verwaltungsgesellschaft mbH (Dreier Immobilien),Garagenanlage am Hauptbahnhof,https://www.diag.eu/parken/,"1st hour 1,50 €, marginal 2nd hour also 1,50 €. Open 24/7 incl. holidays. Operator lists 536 spaces (Königswall) - exact match with city feed. NOT a DB BahnPark site (bahnhof.de lists it only under 'weitere Parkmöglichkeiten'). [source text: bis 1 Stunde 1,50 € | bis 2 Stunden 3,00 € | bis 3 Stunden 5,00 € | bis 7 Stunden 11,00 € | 7 – 24 Stunden 13,00 €]"
digistadt-dortmund-parken-Dortmunder-U,2.00,18.00,EUR,GOLDBECK Parking Services GmbH,Dortmunder U,https://www.goldbeck-parking.de/api/gps-opg/parking-unit/6499,"Tageshöchstsatz 18,00 € applies to entry 12:00-22:00 Mo-Fri and 06:00-22:00 Sat/Sun/holidays. Night tariff 15,00 € for entry 22:00-06:00; Schülertarif 8,00 € for entry Mo-Fri 06:00-12:00; event tariff not applicable. Operator note on the same record: 'Derzeit sind nur fest reservierte Stellplätze vorhanden'. Brinkhoffstraße 30, 517 spaces = city feed exactly. [source text: Standardtarif: pro Stunde 2,00 € | Tageshöchstsatz (Mo.-Fr.) Einfahrt zwischen 12:00 - 22:00 Uhr 18,00 € | Tageshöchstsatz (Sa., So., Feier- & Einkaufstage) 18,00 € | Nachttarif Einfahrt Mo.-So. 22:00 bis 06:00 Uhr 15,00 €]"
digistadt-dortmund-parken-Friedensplatz,2.00,14.00,EUR,DIAG Verwaltungsgesellschaft mbH (Dreier Immobilien),Garagenanlage am Friedensplatz,https://www.diag.eu/parken/,"1st hour 2,00 €, marginal 2nd hour also 2,00 €. Evening tariff differs: 'Nachttarif ab 19:00 Uhr: 3,00 € erste Stunde bis Schließung'. Operator lists 457 spaces (Südwall) vs 446 in city feed. [source text: bis 1 Stunde 2,00 € | bis 2 Stunden 4,00 € | 7 – 24 Stunden 14,00 € | Nachttarif ab 19:00 Uhr: 3,00 € erste Stunde bis Schließung]"
digistadt-dortmund-parken-Kuckelke,3.00,17.00,EUR,Contipark Parkgaragengesellschaft (Interparking),Parkhaus Kuckelke,https://www.contipark.de/de/parken/dortmund/parkhaus-kuckelke/,"Flat per-started-hour rate. Evening flat rate 6,00 € for entry 16:00-03:00 if the ticket is paid immediately after entry. Pcard customers pay 2,50 €/h with an 8,50 € cap. Open 24/7. Contipark lists 432 spaces (Kuckelke 3) vs 407 in city feed. [source text: Reguläres Parkentgelt Mo - So 00:00 - 24:00: je angefangene Stunde 3,00 € | Höchstsatz (0 - 24 Uhr) 17,00 € | Mo - So 16:00 - 03:00 Pauschale 6,00 €]"
digistadt-dortmund-parken-St-Johannes-Hospital,2.50,,EUR,St.-Johannes-Hospital Dortmund (JoHo),Parkhaus Amalienstraße,https://www.joho-dortmund.de/anfahrt-und-parken.html,"No 24-h maximum published; after 12 hours the rate drops to 0,50 €/h, so a full day works out at 36,00 € but is not published as a cap. Hospital states 458 spaces vs 396 in city feed. [source text: Die ersten 12 Stunden kosten pro Stunde 2,50 €. Alle weiteren folgenden Stunden kosten pro Stunde 0,50 €.]"
digistadt-dortmund-parken-Theater,1.80,14.00,EUR,DOPARK GmbH,Theater,https://www.dopark.de/parkpreise,"Stepped tariff; 1st hour 2,00 €, marginal 2nd hour 1,80 €. Flat Theatertarif 5,00 € for certain performances. Closed Sun/holidays except around performances. 392 spaces = city feed exactly. [source text: bis 1 Stunde 2,00 € | bis 2 Stunden 3,80 € | Tageskarte (bis 24 Stunden) 14,00 € | Theatertarif** 5,00 €]"
digistadt-dortmund-parken-Freistuhl-Bibliothek,2.00,14.00,EUR,DIAG Verwaltungsgesellschaft mbH (Dreier Immobilien),Parken am Freistuhl,https://www.diag.eu/parken/,"1st hour 2,00 €, marginal 2nd hour also 2,00 €. Closed on public holidays. Operator lists 306 spaces (Freistuhl / RWE-Tower) vs 358 in city feed. [source text: bis 1 Stunde 2,00 € | bis 2 Stunden 4,00 € | bis 3 Stunden 5,50 € | bis 7 Stunden 11,50 € | 7 – 24 Stunden 14,00 €]"
digistadt-dortmund-parken-Westentor,1.80,14.00,EUR,DOPARK GmbH,Westentor,https://www.dopark.de/parkpreise,"Stepped tariff; 1st hour 2,00 €, marginal 2nd hour 1,80 €. Closed Sun/holidays. DOPARK lists 341 spaces (Schmiedingstraße 25) vs 338 in city feed. [source text: bis 1 Stunde 2,00 € | bis 2 Stunden 3,80 € | bis 7 Stunden 11,00 € | Tageskarte (bis 24 Stunden) 14,00 €]"
digistadt-dortmund-parken-Konzerthaus-Burgwall,1.80,14.00,EUR,DOPARK GmbH,Konzerthaus (Burgwall),https://www.dopark.de/parkpreise,"Stepped tariff; 1st hour 2,00 €, marginal 2nd hour 1,80 €. Flat Konzerthaustarif 5,00 € for certain events. Closed Sun/holidays except around events. DOPARK lists 276 spaces (Burgwall 8) vs 265 in city feed. [source text: bis 1 Stunde 2,00 € | bis 2 Stunden 3,80 € | Tageskarte (bis 24 Stunden) 14,00 € | Konzerttarif** 5,00 €]"
digistadt-dortmund-parken-Bissenkamp,3.00,17.00,EUR,Contipark Parkgaragengesellschaft (Interparking),Tiefgarage Bissenkamp,https://www.contipark.de/de/parken/dortmund/tiefgarage-bissenkamp/,"Flat per-started-hour rate. Evening flat rate 6,00 € for entry 16:00-03:00 if paid immediately. Pcard 2,50 €/h, cap 8,50 €. Open 24/7. Contipark address Gerberstraße 8 is ~60 m from the city-feed coordinate and lists 209 spaces vs 164 in the feed - identity judged on name+address+operator. [source text: Reguläres Parkentgelt Mo - So 00:00 - 24:00: je angefangene Stunde 3,00 € | Höchstsatz (0 - 24 Uhr) 17,00 € | Mo - So 16:00 - 03:00 Pauschale 6,00 €]"
digistadt-dortmund-parken-Dietr-Keuning-Haus,1.00,8.00,EUR,DOPARK GmbH,Begegnungszentrum Nord,https://www.dopark.de/parkpreise,"No 1-hour tier published: the first 2 hours cost 2,50 € together, each further hour 1,00 € (the marginal rate recorded here). DOPARK's locations page names this anlage 'Tiefgarage BZ Nord (Dietrich-Keuning-Haus)', Leopoldstraße 50, 92 spaces = city feed exactly. Closed Sundays. [source text: bis 2 Stunden 2,50 € | bis 3 Stunden 3,50 € | bis 4 Stunden 4,50 € | bis 5 Stunden 5,50 € | Tageskarte 8,00 €]"
dresden-parken-Parkhaus-Mitte,1.50,15.00,EUR,APCOA,Parkhaus Mitte,https://www.dresden.de/apps_ext/ParkplatzApp/detail?id=429,"je Stunde 1,50 €; 24 Stunden 15,00 €; cheaper daytime flat 'Tagestarif 8 bis 20 Uhr' 6,00 €. Source is the City of Dresden's parking app, which states 'Alle Angaben erfolgen ohne Gewähr'"
dresden-parken-Semperoper,1.50,6.00,EUR,Contipark,Tiefgarage Semperoper,https://www.dresden.de/apps_ext/ParkplatzApp/detail?id=408,"je angefangene Stunde 1,50 €; Tag 0-24 Uhr 6,00 €; with a P Card 0,80 €/h and 3,50 €/day; monthly 77,35 €. Source is the City of Dresden's parking app, which states 'Alle Angaben erfolgen ohne Gewähr'"
dresden-parken-Reitbahnstrasse,1.50,6.00,EUR,Stadt Dresden (Tiefbauamt),Reitbahnstraße,https://www.dresden.de/apps_ext/ParkplatzApp/detail?id=415,"metered: werktags 8-20 Uhr je 2 Minuten 0,05 € = 1,50 €/h; Tagestarif ab 4 Stunden für 24 Stunden 6,00 €; free on Sundays/holidays and daily 20-8. Source is the City of Dresden's parking app, which states 'Alle Angaben erfolgen ohne Gewähr'"
dresden-parken-Wohrl-Florentinum,2.00,22.00,EUR,APCOA,Wöhrl / Florentinum,https://www.dresden.de/apps_ext/ParkplatzApp/detail?id=405,"published as 'je angefangene Stunde ab 2,00 Euro (veränderlicher Satz)' - 2.00 is the published MINIMUM of a variable rate, not a fixed price; Tageshöchstsatz 22,00 €. Source is the City of Dresden's parking app, which states 'Alle Angaben erfolgen ohne Gewähr'"
dresden-parken-Schiessgasse,2.40,12.00,EUR,Stadt Dresden (Tiefbauamt),Schießgasse,https://www.dresden.de/apps_ext/ParkplatzApp/detail?id=411,"metered: Mo-Sa 8-20 Uhr je 5 Minuten 0,20 € = 2,40 €/h; Tagestarif 24 Stunden 12,00 €; Sundays/holidays 0,05 €/2 min = 1,50 €/h with 6,00 € cap; free daily 20-8. Source is the City of Dresden's parking app, which states 'Alle Angaben erfolgen ohne Gewähr'"
dresden-parken-SachsenEnergie-Center,2.40,17.00,EUR,City-Center Dresden,SachsenEnergie Center,https://www.dresden.de/apps_ext/ParkplatzApp/detail?id=406,"je angefangene Stunde 2,40 €; Tageshöchstsatz für 24 Stunden 17,00 €; lost ticket 50,00 €; monthly 95,20 €. Source is the City of Dresden's parking app, which states 'Alle Angaben erfolgen ohne Gewähr'"
dresden-parken-Frauenkirche-Neumarkt,2.50,28.00,EUR,Q-Park,Frauenkirche / Neumarkt,https://www.dresden.de/apps_ext/ParkplatzApp/detail?id=422,"je angefangene Stunde 2,50 €; Tageshöchstsatz 28,00 €. Distinct from the smaller 'An der Frauenkirche' garage (Landhausstraße 2, 250 places). Source is the City of Dresden's parking app, which states 'Alle Angaben erfolgen ohne Gewähr'"
dresden-parken-Kongresszentrum,2.00,20.00,EUR,Dresden Congress Center,Kongresszentrum,https://www.dresden.de/apps_ext/ParkplatzApp/detail?id=421,"je angefangene Stunde 2,00 €; Tageshöchstsatz 20,00 €. Source is the City of Dresden's parking app, which states 'Alle Angaben erfolgen ohne Gewähr'"
dresden-parken-Strehlener-Strasse,1.20,5.00,EUR,Stadt Dresden (Tiefbauamt),Strehlener Straße,https://www.dresden.de/apps_ext/ParkplatzApp/detail?id=453,"metered: werktags 8-19 Uhr je 5 Minuten 0,10 € = 1,20 €/h; Tagestarif ab 4:10 Stunden für 24 Stunden 5,00 €; free Sundays/holidays and daily 19-8. Source is the City of Dresden's parking app, which states 'Alle Angaben erfolgen ohne Gewähr'"
dresden-parken-Kaditz,0.00,0.00,EUR,Stadt Dresden (Tiefbauamt),Kaditz,https://www.dresden.de/apps_ext/ParkplatzApp/detail?id=427,"free of charge (gebührenfrei); P+R site at the A4 Dresden-Neustadt exit. Source is the City of Dresden's parking app, which states 'Alle Angaben erfolgen ohne Gewähr'"
dresden-parken-Haus-am-Zwinger,2.80,30.00,EUR,APCOA,Haus am Zwinger,https://www.dresden.de/apps_ext/ParkplatzApp/detail?id=402,"published as 'je angefangene Stunde ab 2,80 Euro (veränderlicher Satz)' - 2.80 is the published MINIMUM of a variable rate; Tageshöchstsatz 30,00 €. Source is the City of Dresden's parking app, which states 'Alle Angaben erfolgen ohne Gewähr'"
dresden-parken-Ferdinandplatz,1.50,6.00,EUR,Stadt Dresden (Tiefbauamt),Ferdinandplatz,https://www.dresden.de/apps_ext/ParkplatzApp/detail?id=419,"metered: werktags 8-20 Uhr je 2 Minuten 0,05 € = 1,50 €/h; Tagestarif ab 4 Stunden für 24 Stunden 6,00 €; free Sundays/holidays and daily 20-8. Source is the City of Dresden's parking app, which states 'Alle Angaben erfolgen ohne Gewähr'"
dresden-parken-Ostra-Ufer,1.20,5.00,EUR,Stadt Dresden (Tiefbauamt),Ostra-Ufer,https://www.dresden.de/apps_ext/ParkplatzApp/detail?id=464,"metered: werktags 8-19 Uhr je 5 Minuten 0,10 € = 1,20 €/h; Tagestarif ab 4:10 Stunden für 24 Std 5,00 €; free Sundays/holidays and werktags 19-8. Source is the City of Dresden's parking app, which states 'Alle Angaben erfolgen ohne Gewähr'"
dresden-parken-Theresienstrasse,2.00,20.00,EUR,parkplaetze-dresden.de,Theresienstraße,https://www.dresden.de/apps_ext/ParkplatzApp/detail?id=418,"je angefangene 60 Minuten 2,00 €; Tageshöchstsatz 20,00 €; Park & Fly 20,00 €/day. Source is the City of Dresden's parking app, which states 'Alle Angaben erfolgen ohne Gewähr'"
dresden-parken-Taschenbergpalais,2.90,30.00,EUR,APCOA,Taschenbergpalais,https://www.dresden.de/apps_ext/ParkplatzApp/detail?id=401,"published as 'je angefangene Stunde ab 2,90 Euro (veränderlicher Satz)' - 2.90 is the published MINIMUM of a variable rate; Tageshöchstsatz 30,00 €. Source is the City of Dresden's parking app, which states 'Alle Angaben erfolgen ohne Gewähr'"
dresden-parken-Budapester-Strasse,1.50,6.00,EUR,Stadt Dresden (Tiefbauamt),Budapester Straße,https://www.dresden.de/apps_ext/ParkplatzApp/detail?id=461,"metered: werktags 8-19 Uhr je 2 Minuten 0,05 € = 1,50 €/h; Tagestarif ab 4 Stunden für 24 Stunden 6,00 €; free Sundays/holidays and daily 19-8. Source is the City of Dresden's parking app, which states 'Alle Angaben erfolgen ohne Gewähr'"
dresden-parken-An-der-Frauenkirche,2.50,28.00,EUR,Tiefgarage Frauenkirche,An der Frauenkirche,https://www.dresden.de/apps_ext/ParkplatzApp/detail?id=403,"je angefangene Stunde 2,50 €; Tag 24 Stunden 28,00 €; lost ticket 84,00 €. Distinct from the Q-Park 'Frauenkirche / Neumarkt' garage. Source is the City of Dresden's parking app, which states 'Alle Angaben erfolgen ohne Gewähr'"
dresden-parken-Wiesentorstrasse,2.50,18.00,EUR,Contipark,Wiesentorstraße,https://www.dresden.de/apps_ext/ParkplatzApp/detail?id=417,"Pkw je angefangene Stunde 2,50 €; Tag (24 Stunden) 18,00 €; motorhomes 25,00 €/day. Source is the City of Dresden's parking app, which states 'Alle Angaben erfolgen ohne Gewähr'"
dresden-parken-Pirnaischer-Platz,2.40,12.00,EUR,Stadt Dresden (Tiefbauamt),Pirnaischer Platz,https://www.dresden.de/apps_ext/ParkplatzApp/detail?id=412,"metered: Mo-Sa 8-20 Uhr je 5 Minuten 0,20 € = 2,40 €/h; Tagestarif 24 Stunden 12,00 €; Sundays/holidays 1,50 €/h with 6,00 € cap; free daily 20-8. Source is the City of Dresden's parking app, which states 'Alle Angaben erfolgen ohne Gewähr'"
dresden-parken-Fidelio-F-Finke-Strasse,1.20,5.00,EUR,Stadt Dresden (Tiefbauamt),Fidelio-F.-Finke-Straße,https://www.dresden.de/apps_ext/ParkplatzApp/detail?id=465,"metered: werktags 8-20 Uhr je 5 Minuten 0,10 € = 1,20 €/h; Tagestarif ab 4:10 Stunden 5,00 €; free Sundays/holidays and daily 20-8. Source is the City of Dresden's parking app, which states 'Alle Angaben erfolgen ohne Gewähr'"
dresden-parken-Stadtforum-Dresden,1.80,18.00,EUR,,Stadtforum Dresden,https://www.dresden.de/apps_ext/ParkplatzApp/detail?id=468,"je Stunde 1,80 €; Tagesticket (24 Stunden) 18,00 €; lost ticket 84,00 €. Operator not named on the source page. Source is the City of Dresden's parking app, which states 'Alle Angaben erfolgen ohne Gewähr'"
dresden-parken-Terrassenufer,1.50,6.00,EUR,Stadt Dresden (Tiefbauamt),Terrassenufer,https://www.dresden.de/apps_ext/ParkplatzApp/detail?id=416,"metered: werktags 8-20 Uhr je 2 Minuten 0,05 € = 1,50 €/h; Tagestarif ab 4 Stunden für 24 Stunden 6,00 €; free Sundays/holidays and daily 20-8. Source is the City of Dresden's parking app, which states 'Alle Angaben erfolgen ohne Gewähr'"
dresden-parken-Prohlis,0.00,0.00,EUR,Stadt Dresden (Tiefbauamt),Prohlis,https://www.dresden.de/apps_ext/ParkplatzApp/detail?id=426,"free of charge (gebührenfrei); P+R site. Source is the City of Dresden's parking app, which states 'Alle Angaben erfolgen ohne Gewähr'"
dresden-parken-Sarrasanistrasse,1.50,6.00,EUR,Stadt Dresden (Tiefbauamt),Sarrasanistraße,https://www.dresden.de/apps_ext/ParkplatzApp/detail?id=420,"metered: werktags 8-20 Uhr je 2 Minuten 0,05 € = 1,50 €/h; Tagestarif ab 4 Stunden für 24 Stunden 6,00 €; free Sundays/holidays and daily 20-8. Source is the City of Dresden's parking app, which states 'Alle Angaben erfolgen ohne Gewähr'"
dresden-parken-Langebruck,0.00,0.00,EUR,Stadt Dresden (Tiefbauamt),Langebrück,https://www.dresden.de/apps_ext/ParkplatzApp/detail?id=439,"free of charge (gebührenfrei); P+R site. Source is the City of Dresden's parking app, which states 'Alle Angaben erfolgen ohne Gewähr'"
dresden-parken-Pennrich,0.00,0.00,EUR,Stadt Dresden (Tiefbauamt),Pennrich,https://www.dresden.de/apps_ext/ParkplatzApp/detail?id=436,"free of charge (gebührenfrei); P+R site. Source is the City of Dresden's parking app, which states 'Alle Angaben erfolgen ohne Gewähr'"
dresden-parken-Grenzstrasse,0.00,0.00,EUR,Stadt Dresden (Tiefbauamt),Grenzstraße,https://www.dresden.de/apps_ext/ParkplatzApp/detail?id=459,"free of charge (gebührenfrei). Source is the City of Dresden's parking app, which states 'Alle Angaben erfolgen ohne Gewähr'"
dresden-parken-Cossebaude,0.00,0.00,EUR,Stadt Dresden (Tiefbauamt),Cossebaude,https://www.dresden.de/apps_ext/ParkplatzApp/detail?id=437,"free of charge (gebührenfrei); P+R site. Source is the City of Dresden's parking app, which states 'Alle Angaben erfolgen ohne Gewähr'"
dresden-parken-Terrassenufer-Bus,4.00,,EUR,Stadt Dresden (Tiefbauamt),Terrassenufer Bus,https://www.dresden.de/apps_ext/ParkplatzApp/detail?id=430,"coach park, listed as currently closed ('Parkplatz gesperrt'). First hour 4,00 €, each further 15 min 1,00 € (= 4,00 €/h marginal), max 6 hours / 24,00 €; free daily 20-8. No true 24h cap published, so daily_cap left blank. Source is the City of Dresden's parking app, which states 'Alle Angaben erfolgen ohne Gewähr'"
dresden-parken-Reick,0.00,0.00,EUR,Stadt Dresden (Tiefbauamt),Reick,https://www.dresden.de/apps_ext/ParkplatzApp/detail?id=434,"free of charge (gebührenfrei); P+R site. Source is the City of Dresden's parking app, which states 'Alle Angaben erfolgen ohne Gewähr'"
vtmanager-duesseldorf-parken-FLOAT,2.00,20.00,EUR,GOLDBECK Parking Services,FLOAT,https://www.goldbeck-parking.de/api/gps-opg/parking-unit/6850,"Operator's own JSON API behind the parkplatzsuche page in place_url (unit id 6850 taken from it); confirmed name FLOAT, Franziusstrasse 10, 51.21332/6.74975, capacityTotal 750 [source text: Standardtarif | pro Stunde 2,00 € | Tageshöchstsatz 20,00 €]"
vtmanager-duesseldorf-parken-PH-42,5.00,42.00,EUR,Contipark,Tiefgarage Altstadt Rheinufer,https://www.contipark.de/de/parken/duesseldorf/tiefgarage-altstadt-rheinufer/,"place_url 404s (Contipark changed URL scheme); this is the successor page for the same slug. Saturday rate higher (6,00 €/h, same 42 € cap); ticketless Pcard tariff much cheaper (4,00 €/h Mo-Fr+Su, 5,00 €/h Sat, 20 € cap). Operator lists 964 total spaces vs 632 short-stay in the city feed [source text: Mo - Fr & So 00:00 - 24:00 | je angefangene Stunde 5,00 € | Höchstsatz pro 24 Stunden 42,00 € || Sa 00:00 - 24:00 | je angefangene Stunde 6,00 € | Höchstsatz pro 24 Stunden 42,00 €]"
vtmanager-duesseldorf-parken-PH-09,3.59,30.99,EUR,APCOA,KII / Schauspielhaus,https://www.apcoa.de/einmal-parken/standorte/duesseldorf/kii-/-schauspielhaus,"place_url redirects to the city overview; this is the current per-garage page (Gustaf-Gründgens-Platz, Zufahrt via Kö-Bogen Tunnel). Rate written as ""ab"" (from) - dynamic pricing possible. First hour free with a purchase at GALERIA/DECATHLON/C&A/P&C/HiFi Foto Koch/Betten Hönscheidt (shopper validation). Theatre ticket 5 h for 10,00 € [source text: Je angefangene Stunde: ab 3,59 € | Tagesmax.: 30,99 € | Ticketverlust: 60,00 € (zzgl. angefallener Parktarif)]"
vtmanager-duesseldorf-parken-PH-46,3.50,33.00,EUR,Schadow Arkaden (RIVG),Schadow Arkaden Parkhaus,https://www.schadowarkaden.com/parken/index.html,"place_url redirects to schadowarkaden.com. Tariff headed ""PARKHAUSTARIFE 2026""; rate written as ""ab"" (from). Evening/night tariff 20:00-06:00 max 10,00 €. Address Martin-Luther-Platz 26 [source text: PARKHAUSTARIFE 2026 | ab 3,50 € je angefangene Stunde | Nachttarif: von 20:00 bis 06:00 Uhr – maximal 10,00 € | Tageshöchstsatz: maximal 33,00 €]"
vtmanager-duesseldorf-parken-PH-02,2.00,30.00,EUR,IDR Nord Eins GmbH & Co. KG,Tiefgarage Grabbeplatz,https://parken-altstadt.de/,"Site covers two garages; this is the Grabbeplatz one - Grabbeplatz 5, ""direkt unter der Kunstsammlung"", Google-Maps link 51.228447/6.776016 matches the input 51.22830/6.77589, 559 spaces vs 553. First 30 min 1,00 €. Night tariff 23:00-08:00 10,00 €; weekly max 140,00 € [source text: bis 30 Minuten 1,00 Euro | bis 60 Minuten 2,00 Euro | jede weitere angefangene Stunde 2,00 Euro | Tagesmaximum 30,00 Euro | Wochenmaximum 140,00 Euro | Nachttarif 23.00 – 08.00 Uhr 10,00 Euro]"
vtmanager-duesseldorf-parken-PH-39,3.50,30.00,EUR,Q-Park,Q-Park Kö-Galerie,https://www.q-park.de/api/ParkingFacility/GetTariffsForFacility?facilityId=1405ed30-008e-438e-889d-fd2dee2402af&countryCode=DE,"Operator changed: place_url (APCOA) is dead, the Kö-Galerie garage is now run by Q-Park. Facility page https://www.q-park.de/de-de/staedte/d%c3%bcsseldorf/k%c3%b6-galerie/ (Grünstraße 10 entrance, 51.221565/6.7802946). Rate written as ""ab"" (from); same price via Q-Park App [source text: Je angefangene 60 Minuten ab € 3,50 | Tageshöchstgebühr € 30,00]"
vtmanager-duesseldorf-parken-PH-25,2.00,23.00,EUR,FARMONT (Parkautomatic),Parkhaus Kö (Talstr. 1),https://www.farmont.com/files/farmont/flyer_koenigsallee_web.pdf,"place_url (parkautomatic.de/.../tal.html) now redirects to farmont.com; the garage is Farmont's ""P-Königsallee"" = Talstraße 1 / Ecke Luisenstraße (flyer header ""Talstraße Parkhaus Kö"", Mietvertrag file named mietvertrag_talstr.pdf). First hour 3,00 €, billed per 20 min; marginal hour 2,00 €. Price list valid from 01.10.2024. Operator page: https://www.farmont.com/p-koenigsallee.html [source text: Kurzparker | je 20 Minuten 1,00 € | bis 60 Minuten 3,00 € | je weitere Stunde 2,00 € | maximal pro Tag 23,00 €]"
vtmanager-duesseldorf-parken-PH-23,3.00,32.00,EUR,Bodasi Park GmbH,Parkhaus Crown,https://www.parkhaus-crown.de/,"Flat 3,00 €/h for every hour 7-22. Night tariff 22-7 only 1,70 €/h. Page GPS 51°13'9.556""N 6°46'59.527""E = 51.21932/6.78320 matches input; Berliner Allee 52 [source text: Tagtarif (7 bis 22 Uhr) | 1. angefangene Stunde 3,00 € | 2. angefangene Stunde 3,00 € | 3. angefangene Stunde 3,00 € | Jede weitere Stunde 3,00 € | Nachttarif (22 bis 7 Uhr) pro Stunde 1,70 € | Tagespauschale 24 Stunden 32,00 €]"
vtmanager-duesseldorf-parken-PH-12,2.50,25.00,EUR,Q-Park,Q-Park Kaufhof Wehrhahn,https://www.q-park.de/api/ParkingFacility/GetTariffsForFacility?facilityId=7a45ef39-6af3-4b2f-aa3b-65efcb744c56&countryCode=DE,"Oststraße 19, 51.2270494/6.7890429 - distinct from PH 13 (Am Wehrhahn 72, 51.22935/6.79370). Marginal 2nd hour 2,50 €; from the 3rd hour 3,00 €. Kaufhof shopper validation: first hour 1,00 €, second 2,00 €. Facility page https://www.q-park.de/de-de/staedte/d%c3%bcsseldorf/kaufhof-wehrhahn/ [source text: Die ersten 60 Minuten € 2,50 | Die zweiten 60 Minuten € 2,50 | Je weitere angefangene 60 Minuten € 3,00 | Tageshöchstgebühr (0:00 - 24:00) € 25,00 | Kaufhof-Kunden: Die ersten angefangenen 60 Minuten € 1,00]"
vtmanager-duesseldorf-parken-PH-11,3.00,18.00,EUR,Q-Park,Q-Park Stadtmitte (ehemals Karstadt),https://www.q-park.de/api/ParkingFacility/GetTariffsForFacility?facilityId=6eda7db1-8afa-4ea1-ae65-415f1507b3f5&countryCode=DE,"Liesegangstraße 14, 51.2261581/6.7873191 - exact coordinate match. Rate written as ""ab"" (from). Capped day-time deals: Sun-Thu 10-20h max 10,00 €, Fri+Sat 10-20h max 12,00 €. Facility page https://www.q-park.de/de-de/staedte/d%C3%BCsseldorf/stadtmitte/ [source text: Je angefangene 60 Minuten ab € 3,00 | Freitags und Samstags von 10 bis 20 Uhr je (max.) € 12,00 | Sonntags bis Donnerstags 10 -20 Uhr je (max.) € 10,00 | Tageshöchstgebühr € 18,00]"
vtmanager-duesseldorf-parken-PH-04,3.00,35.00,EUR,IDR Nord Eins GmbH & Co. KG,Parkhaus am Carlsplatz,https://parken-altstadt.de/,"Site covers two garages; this is the Carlsplatz one - Benrather Str. 7b, Google-Maps link 51.222960/6.773666 matches the input 51.22288/6.77382, 390 spaces vs 384. Night tariff 01:00-07:00 10,00 €. Not open 24h (Mo-Thu 07:00-01:00) [source text: Parkhaus am Carlsplatz | jede angefangene Stunde 3,00 Euro | Tagesgebühr 35,00 Euro | Nachttarif 01.00 – 07.00 Uhr 10,00 Euro]"
vtmanager-duesseldorf-parken-PH-53,3.20,33.00,EUR,APCOA,Kö-Bogen,https://www.apcoa.de/einmal-parken/standorte/duesseldorf/koe-bogen,"Königsallee 2 / Schadowplatz, 40212; page lists a Breuninger Card benefit, matching the input name. Marginal 2nd hour 3,20 €; from the 3rd hour 3,50 €. Evening tariff 18:00-01:00 max 5,00 € [source text: Erste Stunde: 3,20 € | Zweite Stunde: 3,20 € | Je weitere angef. Stunde: 3,50 € | Tagesmax.: 33,00 € | Abendtarif (18:00 bis 1:00 Uhr): max. 5,00 €]"
vtmanager-duesseldorf-parken-PH-26,2.00,20.00,EUR,Parkhaus - Autoservice K & M Jecht,"Parkhaus K & M Jecht, Luisenstraße 33",https://www.parkhausjecht-duesseldorf.de/parkhaus,"Luisenstraße 33, 40215 - matches input coords 51.21713/6.77829; distinct from PH 25 (Talstraße 1 / Ecke Luisenstraße, 51.21712/6.78003). Operator states 508 spaces vs 350 short-stay in the city feed. Werttickets (prepaid value cards) available [source text: Tarife: Wir berechnen € 2,00 pro angefangene Stunde. | Pro 24 h Parkdauer werden € 20,- erhoben.]"
vtmanager-duesseldorf-parken-PH-01,3.20,30.00,EUR,B+B Parkhaus GmbH & Co. KG,Parkhaus Ratinger Tor,https://www.bb-parkhaus.de/staedte/duesseldorf/parkhaus-ratinger-tor,"Ratinger Straße 50, 40213 - matches input coords. Billed per half hour (1,60 €/30 min = 3,20 €/h); rate written as ""ab"" and the page says ""Dynamische Preise möglich - Aushang vor Ort"". Not open 24h (06:00-00:00 / 03:00) [source text: Kurzparkertarife (Bruttopreise): Je angefangene 1/2 Stunde ab 1,60 € | ab 3. Stunde je angefangene Stunde 3,20 € | Tagesmaximum (24h) 30,00 € | Dynamische Preise möglich]"
vtmanager-duesseldorf-parken-PH-48,3.50,30.00,EUR,APCOA,Sevens,https://www.apcoa.de/einmal-parken/standorte/duesseldorf/sevens,"Königsallee 56, 40212 - Tiefgarage Sevens inside the Sevens mall, matches input coords 51.22260/6.78065. Rate written as ""ab"" (from) [source text: Je angefangene Stunde: ab 3,50 € | Tagesmax.: 30,00 € | Ticketverlust: 60,00 €]"
vtmanager-duesseldorf-parken-PH-18,3.20,24.00,EUR,Contipark,Parkhaus Bendemannstraße,https://www.contipark.de/de/parken/duesseldorf/parkhaus-bendemannstrasse/,"place_url 404s (Contipark changed URL scheme); successor page for the same slug. Bendemannstraße 5, 40210, matches input coords. Evening/night 17:00-08:00 capped at 5,00 €. Ticketless Pcard tariff cheaper (2,30 €/h, 13,00 € cap). Operator lists 340 total spaces vs 190 short-stay in the city feed [source text: Mo - So 00:00 - 24:00 | je angefangene Stunde 3,20 € | Höchstsatz pro 24 Stunden 24,00 € | Mo - So 17:00 - 08:00 | Höchstsatz pro Abend-/Nachttarif 5,00 €]"
vtmanager-duesseldorf-parken-PH-54,4.00,32.00,EUR,Q-Park,Q-Park Barbarossaplatz,https://www.q-park.de/api/ParkingFacility/GetTariffsForFacility?facilityId=95eef11f-8e31-485d-8f58-4b22ef92a2f0&countryCode=DE,"place_url (park-one.com) redirects to Q-Park - the garage changed operator. Luegallee 65, 51.2316732/6.7532651 matches input 51.23138/6.75332. Facility page https://www.q-park.de/de-de/staedte/d%c3%bcsseldorf/barbarossaplatz/ [source text: Je angefangene 60 Minuten € 4,00 | Tageshöchstgebühr € 32,00]"
vtmanager-duesseldorf-parken-Heerdt,2.00,15.00,EUR,fairparken GmbH,Parkhaus Heerdt,https://www.parkhaus-heerdt.de/,"Marlene-Dietrich-Straße 2-4a - exact address match with the input. First 90 min free for ALDI SÜD / dm customers (QR voucher at the till - shopper validation). Evening/night: entry from 19:00 and exit by 07:00 capped at 4,00 € [source text: Parktarife | 2,00€ je Stunde | 15,00€ Tageshöchstsatz (Tagestarif) | 4,00€ Nachttarif (19:00 - 07:00 Uhr) | 90 Min. kostenlos parken für alle Aldi & dm drogeriemarkt Kund*innen]"
vtmanager-duesseldorf-parken-PH-50,3.50,40.00,EUR,Q-Park,Q-Park KÖ59,https://www.q-park.de/api/ParkingFacility/GetTariffsForFacility?facilityId=dbbd98dc-4222-477f-9971-88c16e752860&countryCode=DE,"Breite Straße 40, 51.2201/6.77707 matches input 51.22013/6.77775. Rate written as ""ab"" (from). Facility page https://www.q-park.de/de-de/staedte/d%c3%bcsseldorf/k%c3%b659/ [source text: Je angefangene 60 Minuten ab € 3,50 | Tageshöchstgebühr (0:00 - 24:00 Uhr) € 40,00]"
vtmanager-duesseldorf-parken-PH-03,2.00,28.00,EUR,GOLDBECK Parking Services,Kunsthalle / Grabbeplatz 4,https://www.goldbeck-parking.de/api/gps-opg/parking-unit/7072,"place_url (parkservice24.de) now redirects to the Goldbeck homepage; this is Goldbeck's own unit record. Grabbeplatz 4, 40213, 51.22724/6.77584 vs input 51.22736/6.77583; capacityTotal 102 vs 100 [source text: Standardtarif | pro Stunde 2,00 € | Tageshöchstsatz 28,00 €]"
vtmanager-duesseldorf-parken-PH-08,2.50,20.00,EUR,GOLDBECK Parking Services,Hohe Straße / Siegfried-Klein-Straße,https://www.goldbeck-parking.de/api/gps-opg/parking-unit/7071,"Input had no place_url; found via Goldbeck's own unit list. Siegfried-Klein-Straße 5, 40213 (corner of Hohe Straße), 51.2202081/6.7745776 vs input 51.22043/6.77480 (~30 m). Goldbeck lists 186 total spaces vs 100 short-stay in the city feed [source text: Standardtarif | pro Stunde 2,50 € | Tageshöchstsatz 20,00 € | Dauerstellplatz pro Monat 200,00 €]"
vtmanager-duesseldorf-parken-PH-13,2.00,22.00,EUR,FARMONT (Parkautomatic),Parkhaus Am Wehrhahn,https://www.farmont.com/files/farmont/flyer_wehrhahn_web.pdf,"place_url (parkautomatic.de) now redirects to farmont.com; this is Farmont's P-Wehrhahn price flyer. Am Wehrhahn 72, 40211 - exact match with the input name; distinct from PH 12 (Kaufhof Wehrhahn, Oststraße 19). First hour 3,00 €, billed per 20 min; marginal hour 2,00 €. Price list valid from 01.10.2024. Operator page: https://www.farmont.com/p-wehrhahn.html [source text: Kurzparker | je 20 Minuten 1,00 € | bis 60 Minuten 3,00 € | je weitere Stunde 2,00 € | maximal pro Tag 22,00 €]"
frankfurt-mainziel-Parkhaeuser.3-main-taunus-zentrum,0.00,0.00,EUR,Main-Taunus-Zentrum,Main-Taunus-Zentrum,https://www.main-taunus-zentrum.de/center/anfahrt-parken/parken/,"Parken ist kostenlos, daher kein Stunden- oder Tagestarif veroeffentlicht; Seite nennt ""ueber 4.500 kostenlose Parkplaetze"" (Input-Kapazitaet 4750) [source text: Das MTZ bietet seinen Besuchern über 4.500 kostenlose Parkplätze.]"
frankfurt-mainziel-Parkhaeuser.109260-skyline-plaza,2.50,38.00,EUR,Skyline Plaza,Parkhaus Skyline Plaza,https://www.skylineplaza.de/service/anfahrt-parken/parken/,"Gestaffelt: 1.-4. Stunde je 2,50 €, ab der 5. Stunde 3,50 €/h; marginaler Satz der 2. Stunde = 2,50 €; Tageshoechstsatz greift erst ab der 12. Stunde; Parkwertkarte mit 10 % Bonus [source text: Je angefangene Stunde: 1. Stunde: 2,50€ | 2. Stunde: 2,50€ | 3. Stunde: 2,50€ | 4. Stunde: 2,50€ | jede weitere Stunde: 3,50 € | ab der 12. Stunde gilt der Tageshöchstsatz: 38,00 €]"
frankfurt-mainziel-Parkhaeuser.4-hessen-center,1.50,10.00,EUR,Hessen-Center Frankfurt,Parkhaus Hessen-Center,https://www.hessen-center-frankfurt.de/service/anfahrt-parken/parken/,"Gestaffelt: 1.-3. Stunde je 1,50 €, jede weitere 2,00 €; marginaler Satz der 2. Stunde = 1,50 €. Erste 20 Min kostenlos. Einfahrt nur Mo-Sa 06:00-21:00, Sonn-/Feiertag geschlossen. Parkwertkarte bis 20 % Bonus. Offizielle Domain ist hessen-center-frankfurt.de (hessen-center.de ist geparkt) [source text: 1. Stunde: 1,50 € | 2. Stunde: 1,50 € | 3. Stunde: 1,50 € | Jede weitere Stunde: 2,00 € | Tageshöchstsatz: 10,00 € | FÜR KURZPARKER KOSTENLOS! ... Bleibst du unterhalb des Parklimits von 20 Minuten]"
ffh-parken-frankfurt-Universitatsklinikum-Innengelande,2.30,20.00,EUR,APCOA,Universitätsklinikum Innengelände,https://www.apcoa.de/parken/frankfurt/universitaetsklinikum-innengelaende,"APCOA fuehrt am Theodor-Stern-Kai 7 zwei Anlagen im Innengelaende (Parkplatz ""Innengelaende"", 532 Pl., und Parkhaus ""PH Innengelaende"", 340 Pl.); Name trifft exakt die erste, BEIDE haben denselben Tarif 2,30 €/h und 20,00 € Tagesmax, der Wert ist daher in jedem Fall korrekt. Input-Kapazitaet 1400 ist offenbar eine Campus-Summe [source text: Jede angefangene Stunde: 2,30 € | Tagesmaximum: 20,00 €]"
ffh-parken-frankfurt-P-R-Haus-Borsigallee,,1.50,EUR,PBG Parkhaus-Betriebsgesellschaft mbH,Borsigallee (P+R),https://www.parkhausfrankfurt.de/parkhaeuser/borsigallee/,"Nur Tagestarif veroeffentlicht (Pauschale 1,50 €/Tag), kein Stundentarif; Nutzung nur mit gueltigem RMV-Fahrschein oder Veranstaltungs-Kombiticket [source text: Tagestarif pro Tag 1,50 €]"
ffh-parken-frankfurt-Am-Gericht,2.00,32.00,EUR,PBG Parkhaus-Betriebsgesellschaft mbH,Am Gericht,https://www.parkhausfrankfurt.de/parkhaeuser/am-gericht/,"Sonn-/Feiertagstarif 1,00 €/h; Nachttarif 19:00-07:00 pauschal 4,00 € [source text: Werktag pro Stunde 2,00 € | Sonn- und Feiertag pro Stunde 1,00 € | Nachttarif 19:00 - 07:00 Uhr 4,00 € | Tagestarif max. 24 Stunden 32,00 €]"
ffh-parken-frankfurt-Goetheplatz,2.50,38.00,EUR,PBG Parkhaus-Betriebsgesellschaft mbH,Goetheplatz,https://www.parkhausfrankfurt.de/parkhaeuser/goetheplatz/,"Sonn-/Feiertagstarif deutlich niedriger (0,50 €/30 Min = 1,00 €/h); Nachttarif 19:00-07:00 pauschal 4,00 € [source text: Werktag pro Stunde 2,50 € | Sonn- und Feiertag pro 30 Min. 0,50 € | Nachttarif 19:00 - 07:00 Uhr 4,00 € | Tagestarif max. 24 Stunden 38,00 €]"
ffh-parken-frankfurt-Konrad-Adenauer-Strasse,2.00,32.00,EUR,PBG Parkhaus-Betriebsgesellschaft mbH,Konrad-Adenauer-Straße,https://www.parkhausfrankfurt.de/parkhaeuser/konrad-adenauer-strasse/,"Sonn-/Feiertagstarif 1,00 €/h; Nachttarif 19:00-07:00 pauschal 4,00 € [source text: Werktag pro Stunde 2,00 € | Sonn- und Feiertag pro Stunde 1,00 € | Nachttarif 19:00 - 07:00 Uhr 4,00 € | Tagestarif max. 24 Stunden 32,00 €]"
ffh-parken-frankfurt-Universitatsklinikum-Sandhofstrasse,1.50,10.00,EUR,APCOA,Universitätsklinikum Sandhofstraße,https://www.apcoa.de/einmal-parken/standorte/frankfurt/universitaetsklinikum-sandhofstrasse,"Parkhaus; deutsche /parken/-URL liefert 404, Tarif von der deutschen Standort-Seite gelesen [source text: Kurzparker Tarife: jede angefangene Stunde 1,50 € | Tagesmax. 10,00 €]"
ffh-parken-frankfurt-Baseler-Platz,2.00,32.00,EUR,PBG Parkhaus-Betriebsgesellschaft mbH,Baseler Platz,https://www.parkhausfrankfurt.de/parkhaeuser/baseler-platz/,"Sonn-/Feiertagstarif 1,00 €/h; Nachttarif 19:00-07:00 pauschal 4,00 € [source text: Werktag pro Stunde 2,00 € | Sonn- und Feiertag pro Stunde 1,00 € | Nachttarif 19:00 - 07:00 Uhr 4,00 € | Tagestarif max. 24 Stunden 32,00 €]"
ffh-parken-frankfurt-Am-Theater,2.00,32.00,EUR,PBG Parkhaus-Betriebsgesellschaft mbH,Am Theater,https://www.parkhausfrankfurt.de/parkhaeuser/am-theater/,"Sonn-/Feiertagstarif 1,00 €/h; Nachttarif bereits ab 17:00-07:00 pauschal 6,00 € [source text: Werktag pro Stunde 2,00 € | Sonn- und Feiertag pro Stunde 1,00 € | Nachttarif 17:00 - 07:00 Uhr 6,00 € | Tagestarif max. 24 Stunden 32,00 €]"
ffh-parken-frankfurt-Schiller-Passage,2.50,38.00,EUR,PBG Parkhaus-Betriebsgesellschaft mbH,Schiller-Passage,https://www.parkhausfrankfurt.de/parkhaeuser/schiller-passage/,"Sonn-/Feiertagstarif deutlich niedriger (0,50 €/30 Min = 1,00 €/h); Nachttarif 19:00-07:00 pauschal 4,00 € [source text: Werktag pro Stunde 2,50 € | Sonn- und Feiertag pro 30 Min. 0,50 € | Nachttarif 19:00 - 07:00 Uhr 4,00 € | Tagestarif max. 24 Stunden 38,00 €]"
ffh-parken-frankfurt-Alt-Sachsenhausen,1.00,20.00,EUR,PBG Parkhaus-Betriebsgesellschaft mbH,Alt-Sachsenhausen,https://www.parkhausfrankfurt.de/parkhaeuser/alt-sachsenhausen/,"Flacher Stundentarif, werktags wie sonntags; Nachttarif 19:00-07:00 pauschal 4,00 € [source text: Werktag pro Stunde 1,00 € | Sonn- und Feiertag pro Stunde 1,00 € | Nachttarif 19:00 - 07:00 Uhr 4,00 € | Tagestarif max. 24 Stunden 20,00 €]"
frankfurt-mainziel-Parkhaeuser.7-gateway-garden,3.90,28.00,EUR,Goldbeck Parking Services,Gateway Garden,https://www.goldbeck-parking.de/api/gps-opg/parking-unit/7286,"Betreiber-Datensatz Rita-Maiburg Straße, 60549 Frankfurt, 333 Plaetze - deckt sich exakt mit der Input-Zeile; NICHT das groessere Parkhaus Jean-Gardner-Batten-Straße (ca. 1250 Pl.) im selben Quartier [source text: Standardtarif pro Stunde 3,90 € | Tageshöchstsatz 28,00 €]"
ffh-parken-frankfurt-Junghofstrasse,2.50,38.00,EUR,PBG Parkhaus-Betriebsgesellschaft mbH,Junghofstraße,https://www.parkhausfrankfurt.de/parkhaeuser/junghofstrasse/,"Sonn-/Feiertagstarif deutlich niedriger (0,50 €/30 Min = 1,00 €/h); Nachttarif 19:00-07:00 pauschal 4,00 € [source text: Werktag pro Stunde 2,50 € | Sonn- und Feiertag pro 30 Min. 0,50 € | Nachttarif 19:00 - 07:00 Uhr 4,00 € | Tagestarif max. 24 Stunden 38,00 €]"
ffh-parken-frankfurt-Opernturm,3.50,30.00,EUR,APCOA,Opernturm,https://www.apcoa.de/parken/frankfurt/opernturm,"Abendtarif 19:00-06:00 mit Nachtmaximum 6,00 €; nicht zu verwechseln mit dem PBG-Parkhaus Alte Oper (Opernplatz 1, ca. 190 m entfernt) [source text: 60 Minuten: 3,50 € | Tagesmax.: 30,00 € | Abendtarif (von 19:00 bis 06:00 Uhr): 60 Minuten: 3,50 € | Nachtmax.: 6,00 €]"
frankfurt-mainziel-Parkhaeuser.109304-koenigsteiner-strasse,2.50,13.00,EUR,Goldbeck Parking Services,Parkhaus Königsteiner Straße,https://www.goldbeck-parking.de/api/gps-opg/parking-unit/1938,"Emmerich-Josef-Straße 24-28, 258 Plaetze (exakte Uebereinstimmung); Aggregatoren nennen veraltet 1,50 €/h und 8,00 € Tagesmax [source text: Standardtarif pro Stunde 2,50 € | Tageshöchstsatz 13,00 €]"
ffh-parken-frankfurt-Friedrichsheim,1.50,10.00,EUR,PBG Parkhaus-Betriebsgesellschaft mbH,Friedrichsheim,https://www.parkhausfrankfurt.de/parkhaeuser/friedrichsheim/,"Niedriger Tageshöchstsatz (Klinikstandort Marienburgstraße); Nachttarif 19:00-07:00 pauschal 4,00 € [source text: Werktag pro Stunde 1,50 € | Sonn- und Feiertag pro Stunde 1,50 € | Nachttarif 19:00 - 07:00 Uhr 4,00 € | Tagestarif max. 24 Stunden 10,00 €]"
frankfurt-mainziel-Parkhaeuser.6-hafenpark-quartier-nord,2.50,17.00,EUR,Goldbeck Parking Services,Hafenpark Quartier Nord,https://www.goldbeck-parking.de/api/gps-opg/parking-unit/7049,"Hagenstraße 15, 220 Plaetze (exakte Uebereinstimmung); eigenstaendige Schwesteranlage Hafenpark Quartier Sued hat abweichenden Tarif und ist nicht gemeint; zusaetzlich Work-&-Office-Tarif Mo-Fr 06:00-20:00 auf Anfrage [source text: Standardtarif pro Stunde 2,50 € | Tageshöchstsatz 17,00 €]"
frankfurt-mainziel-Parkhaeuser.109303-mayfarth-quartier,2.00,15.00,EUR,Goldbeck Parking Services,Mayfarth Quartier,https://www.goldbeck-parking.de/api/gps-opg/parking-unit/6685,"Weisbachstraße, 200 Plaetze (exakte Uebereinstimmung); Dauerstellplaetze nur mit Mietvertrag im Quartier [source text: Standardtarif pro Stunde 2,00 € | Tageshöchstsatz 15,00 €]"
ffh-parken-frankfurt-Ordnungsamt,1.00,20.00,EUR,PBG Parkhaus-Betriebsgesellschaft mbH,Ordnungsamt,https://www.parkhausfrankfurt.de/parkhaeuser/ordnungsamt/,"Flacher Stundentarif, werktags wie sonntags; Nachttarif 19:00-07:00 pauschal 4,00 € [source text: Werktag pro Stunde 1,00 € | Sonn- und Feiertag pro Stunde 1,00 € | Nachttarif 19:00 - 07:00 Uhr 4,00 € | Tagestarif max. 24 Stunden 20,00 €]"
ffh-parken-frankfurt-Untermainanlage,2.00,32.00,EUR,PBG Parkhaus-Betriebsgesellschaft mbH,Untermainanlage,https://www.parkhausfrankfurt.de/parkhaeuser/untermainanlage/,"Sonn-/Feiertagstarif 1,00 €/h; Nachttarif bereits ab 17:00-07:00 pauschal 6,00 € [source text: Werktag pro Stunde 2,00 € | Sonn- und Feiertag pro Stunde 1,00 € | Nachttarif 17:00 - 07:00 Uhr 6,00 € | Tagestarif max. 24 Stunden 32,00 €]"
ffh-parken-frankfurt-Mousonturm,1.00,20.00,EUR,PBG Parkhaus-Betriebsgesellschaft mbH,Mousonturm,https://www.parkhausfrankfurt.de/parkhaeuser/mousonturm/,"Flacher Stundentarif, werktags wie sonntags; Nachttarif 19:00-07:00 pauschal 4,00 € [source text: Werktag pro Stunde 1,00 € | Sonn- und Feiertag pro Stunde 1,00 € | Nachttarif 19:00 - 07:00 Uhr 4,00 € | Tagestarif max. 24 Stunden 20,00 €]"
ffh-parken-frankfurt-Hotel-Movenpick,5.00,45.00,EUR,APCOA,Hotel Mövenpick,https://www.apcoa.de/einmal-parken/standorte/frankfurt/hotel-moevenpick,"Tarif je angefangene 30 Min. 2,50 € -> 5,00 €/h umgerechnet; Seite schreibt ""ab 2,50 €"", Tagesmaximum gilt erst ab der 5. Stunde [source text: Je angefangene 30 Minuten: ab 2,50 € | Tagesmax. (ab der 5. Stunde): 45,00 €]"
ffh-parken-frankfurt-Burgerhaus-Bornheim,1.00,24.00,EUR,PBG Parkhaus-Betriebsgesellschaft mbH,Bürgerhaus Bornheim,https://www.parkhausfrankfurt.de/parkhaeuser/buergerhaus-bornheim/,"Kein Nachttarif ausgewiesen; flacher Stundentarif werktags wie sonntags [source text: Werktag pro Stunde 1,00 € | Sonn- und Feiertag pro Stunde 1,00 € | Tagestarif max. 24 Stunden 24,00 €]"
ffh-parken-frankfurt-Universitatsklinikum-P2,1.50,10.00,EUR,APCOA,Universitätsklinikum P2,https://www.apcoa.de/parken/frankfurt/universitaetsklinikum-p2,"Parkplatz Schleusenweg 11; Parkscheinverlust 10,00 € [source text: Je angefangene Stunde: 1,50 € | Tagesmax.: 10,00 €]"
ffh-parken-frankfurt-Universitatsklinikum-P5,1.50,10.00,EUR,APCOA,Universitätsklinikum P5,https://www.apcoa.de/parken/frankfurt/universitaetsklinikum-p5,"Parkplatz Sandhofstraße 18; gleicher Tarif wie das benachbarte Parkhaus Sandhofstraße [source text: Je angefangene Stunde: 1,50 € | Tagesmax.: 10,00 €]"
hamburg-viz-DE.HH.UP_PARKHAEUSER_10099-phoenix-center,1.00,13.00,EUR,ECE / POLLUX (Phoenix-Center),Phoenix-Center Hamburg (Parkhaus),https://www.phoenix-center-harburg.de/service/anfahrt/parken/parken/,"escalating tariff: 1st and 2nd hour 1,00 EUR each, 3rd hour onwards 1,50 EUR; hourly_rate = marginal 2nd hour per spec [source text: 1. Stunde 1,00 € | 2. Stunde 1,00 € | 3. Stunde 1,50 € | jede weitere Stunde 1,50 € | Tagespreis 13,00 €]"
hamburg-viz-DE.HH.UP_PARKHAEUSER_10076-alstertal-einkaufszentrum-aez-ost,,15.00,EUR,ECE / POLLUX (Alstertal-Einkaufszentrum),Alstertal-Einkaufszentrum - Parkhaus Ost,https://www.alstertal-einkaufszentrum.de/anfahrt-parken/parken/,"shared AEZ tariff - the source publishes ONE tariff for all AEZ Parkhaeuser and distinguishes Ost/West vs Mitte only by opening hours, not by price; hourly_rate left blank because the published rate is a dynamic load-based range 0,50-1,50 EUR/h with no single standard value; first 30 min free; Sunday cap 4,00 EUR [source text: Je angefangene Stunde*: 0,50 € bis max. 1,50 € (je nach Displayanzeige bei Einfahrt) | Tagesmaximum Montag bis Samstag: 15,00 € | Sonntag: 4,00 € | *Freiparkzeit 30 Minuten]"
hamburg-viz-DE.HH.UP_PARKHAEUSER_10116-alstertal-einkaufszentrum-aez-mitte,,15.00,EUR,ECE / POLLUX (Alstertal-Einkaufszentrum),Alstertal-Einkaufszentrum - Parkhaus Mitte,https://www.alstertal-einkaufszentrum.de/anfahrt-parken/parken/,"shared AEZ tariff - the source publishes ONE tariff for all AEZ Parkhaeuser and distinguishes Ost/West vs Mitte only by opening hours, not by price; hourly_rate left blank because the published rate is a dynamic load-based range 0,50-1,50 EUR/h with no single standard value; first 30 min free; Sunday cap 4,00 EUR; Parkhaus Mitte opens Mo-Sa 08:00-21:00 only [source text: Je angefangene Stunde*: 0,50 € bis max. 1,50 € (je nach Displayanzeige bei Einfahrt) | Tagesmaximum Montag bis Samstag: 15,00 € | Sonntag: 4,00 € | *Freiparkzeit 30 Minuten]"
hamburg-viz-DE.HH.UP_PARKHAEUSER_10029-messe-mitte,2.00,16.00,EUR,Hamburg Messe und Congress GmbH,Parkhaus Mitte,https://www.hamburg-messe.de/services/anreise-uebernachtung/auto,"operator's own arrival page lists each garage separately; Tiefgarage Messe Ost carries the same published rate but is a different facility; Tagesticket payable at entry [source text: Parkhaus Mitte | Lagerstraße | 20357 Hamburg | Preis: 2 EUR / Stunde, max. 16 EUR / Tag | Info: 900 Plätze]"
hamburg-viz-DE.HH.UP_PARKHAEUSER_10007-radison-blu,3.00,30.00,EUR,Contipark,Tiefgarage Radisson Blu,https://www.contipark.de/de/parken/hamburg/tiefgarage-radisson-blu/,"FLAGGED: Contipark lists the address as Congressplatz 2 while the input says Marseiller Straße 1 - same CCH/Radisson-Blu complex, and name + operator (Contipark) match the input exactly; note Hamburg Messe separately publishes a 'Tiefgarage CCH' (Tiergartenstr. 2, 700 spaces, 3 EUR/h max 25 EUR) in the same complex. Pcard tariff identical [source text: je angefangene Stunde 3,00 € | Höchstsatz pro 24 Stunden 30,00 €]"
hamburg-viz-DE.HH.UP_PARKHAEUSER_10013-europa-passage,4.50,36.00,EUR,Contipark,Tiefgarage Europa Passage,https://www.contipark.de/de/parken/hamburg/tiefgarage-europa-passage/,"Pcard (ticketless) tariff much lower: 3,50 EUR/h, 18,00 EUR/24h [source text: je angefangene Stunde 4,50 € | Höchstsatz pro 24 Stunden 36,00 €]"
hamburg-viz-DE.HH.UP_PARKHAEUSER_10117-alstertal-einkaufszentrum-aez-west,,15.00,EUR,ECE / POLLUX (Alstertal-Einkaufszentrum),Alstertal-Einkaufszentrum - Parkdeck West,https://www.alstertal-einkaufszentrum.de/anfahrt-parken/parken/,"shared AEZ tariff - the source publishes ONE tariff for all AEZ Parkhaeuser and distinguishes Ost/West vs Mitte only by opening hours, not by price; hourly_rate left blank because the published rate is a dynamic load-based range 0,50-1,50 EUR/h with no single standard value; first 30 min free; Sunday cap 4,00 EUR [source text: Je angefangene Stunde*: 0,50 € bis max. 1,50 € (je nach Displayanzeige bei Einfahrt) | Tagesmaximum Montag bis Samstag: 15,00 € | Sonntag: 4,00 € | *Freiparkzeit 30 Minuten]"
hamburg-viz-DE.HH.UP_PARKHAEUSER_10084-ccb-fachmarktzentrum,1.50,6.00,EUR,Saba Park Deutschland (via Contipark/Interparking link),Saba Parkhaus CCB Fachzentrum,https://www.sabaparking.com/de/parking-hamburg/saba-parkhaus-ccb-fachzentrum,"distinct facility from CCB Einkaufzentrum (Bergedorfer Str. 105); first hour 2,00 EUR is HIGHER than the marginal rate; hourly_rate = marginal (jede weitere angefangene Stunde) [source text: Bis eine Stunde: 2,00€ | Bis zwei Stunden: 3,50 € | Jede weitere angefangene Stunde: 1,50€ | Tageshöchstsatz: 6,00€]"
hamburg-viz-DE.HH.UP_PARKHAEUSER_10039-speicherstadt,3.00,28.00,EUR,Contipark,Parkhaus Speicherstadt,https://www.contipark.de/de/parken/hamburg/parkhaus-speicherstadt/,"Pcard tariff identical to regular tariff here [source text: je angefangene Stunde 3,00 € | Höchstsatz pro 24 Stunden 28,00 €]"
hamburg-viz-DE.HH.UP_PARKHAEUSER_10017-gaensemarkt,4.50,50.00,EUR,APCOA PARKING Deutschland,Parkhaus Gänsemarkt / Messe - Ost,https://www.apcoa.de/einmal-parken/standorte/hamburg/gaensemarkt-messe-ost,"APCOA address Dammtorwall 5/7 matches input Dammtorwall 5; APCOA's name includes 'Messe - Ost' for marketing but this is NOT the Hamburg-Messe Messe-Ost garage; 'ab' (from) wording; freeflow/ANPR site; 4h-City-Tarif available via app [source text: Je angefangene Stunde: ab 4,50 € | Tagesmax.: 50,00 €]"
hamburg-viz-DE.HH.UP_PARKHAEUSER_10019-hanse-viertel,4.50,50.00,EUR,APCOA PARKING Deutschland,Parkhaus Hanseviertel,https://www.apcoa.de/einmal-parken/standorte/hamburg/hanseviertel,"'ab' (from) wording; freeflow/ANPR site, pay within 24h after exit; APCOA FLOW tariff also 4,50 EUR/h [source text: Je angefangene Stunde: ab 4,50 € | Tagesmax.: 50,00 € | FLOW Tarif: je angefangene Stunde: 4,50 €]"
hamburg-viz-DE.HH.UP_PARKHAEUSER_10096-buxtehuder-strasse-karstadt,1.80,9.00,EUR,Contipark,Parkhaus Buxtehuder Straße,https://www.contipark.de/de/parken/hamburg/parkhaus-buxtehuder-strasse/,"Pcard tariff lower: 1,50 EUR/h, 5,00 EUR/24h [source text: je angefangene Stunde 1,80 € | Höchstsatz pro 24 Stunden 9,00 €]"
hamburg-viz-DE.HH.UP_PARKHAEUSER_10040-ueberseequartier-nord,3.00,28.00,EUR,Contipark,Tiefgarage Überseequartier,https://www.contipark.de/de/parken/hamburg/tiefgarage-ueberseequartier/,"address Überseeallee 3 matches the input exactly; Contipark lists the site without the Nord/Süd suffix used in the input; Pcard tariff 2,80 EUR/h, 16,00 EUR/24h [source text: je angefangene Stunde 3,00 € | Höchstsatz pro 24 Stunden 28,00 €]"
hamburg-viz-DE.HH.UP_PARKHAEUSER_10011-deutsch-japanisches-zentrum,4.50,40.00,EUR,Contipark,Tiefgarage Deutsch-Japanisches Zentrum,https://www.contipark.de/de/parken/hamburg/tiefgarage-deutsch-japanisches-zentrum/,"Pcard tariff much lower: 3,50 EUR/h, 18,00 EUR/24h; cashless payment only; closed outside 06:00-23:00 [source text: je angefangene Stunde 4,50 € | Höchstsatz pro 24 Stunden 40,00 €]"
hamburg-viz-DE.HH.UP_PARKHAEUSER_10118-alter-wall-bucerius-passage,4.50,50.00,EUR,APCOA PARKING Deutschland,Parkhaus Bucerius Passage,https://www.apcoa.de/einmal-parken/standorte/hamburg/bucerius-passage,"APCOA FLOW app tariff much lower: 2,99 EUR/h and 19,99 EUR day cap; recorded figures are the non-FLOW walk-up tariff [source text: Für Nicht APCOA FLOW Kunden gelten folgende Tarife: Je angefangene Stunde: ab 4,50 € | Tagesmax.: 50,00 €]"
hamburg-viz-DE.HH.UP_PARKHAEUSER_10037-reeperbahn-garagen-spielbudenplatz,4.00,20.00,EUR,Ernst u. Jürgen Schütze (Reeperbahngaragen),Reeperbahngaragen,https://reeperbahn-garagen.de/,"published per 30 min (2,00 EUR) - converted to hourly equivalent 4,00; open 24h/365; max stay 10 days [source text: Parkgebühr 2,00 € pro angefangene halbe Stunde | Tagespreis 20,00 € pro 24 Stunden]"
hamburg-viz-DE.HH.UP_PARKHAEUSER_10108-elbarkaden,3.00,28.00,EUR,Contipark,Tiefgarage Elbarkaden,https://www.contipark.de/de/parken/hamburg/tiefgarage-elbarkaden/,"Contipark address Hongkongstraße 6a matches input Honkongstr. 6-10 A; Pcard tariff 2,00 EUR/h, 15,00 EUR/24h [source text: je angefangene Stunde 3,00 € | Höchstsatz pro 24 Stunden 28,00 €]"
hamburg-viz-DE.HH.UP_PARKHAEUSER_10097-krummholzberg,1.50,6.50,EUR,Contipark,Parkhaus Krummholzberg,https://www.contipark.de/de/parken/hamburg/parkhaus-krummholzberg/,"Pcard tariff 1,00 EUR/h, 4,00 EUR max [source text: je angefangene Stunde 1,50 € | Höchstsatz pro 24 Stunden 6,50 €]"
hamburg-viz-DE.HH.UP_PARKHAEUSER_10028-marriott,4.50,40.00,EUR,APCOA PARKING Deutschland,Parkhaus Hotel Marriott,https://www.apcoa.de/einmal-parken/standorte/hamburg/hotel-marriott,"'ab' (from) wording [source text: Pro Stunde: ab 4,50 € | Tagesmax.: 40,00 €]"
hamburg-viz-DE.HH.UP_PARKHAEUSER_10001-alsterhaus,4.00,28.00,EUR,The KaDeWe Group (Alsterhaus),"Parkhaus für das Alsterhaus Hamburg, Bei der Stadtwassermühle",https://www.alsterhaus.de/ihr-besuch-bei-uns/,"night tariff 21:00-08:00 much lower: 1,50 EUR/h with a 5,00 EUR night cap; recorded figures are the daytime 08:00-21:00 tariff [source text: 1. angefangende Stunde: 4,- EURO | Je weitere Stunde: 4,- EURO | Tageshöchstsatz: 28,- EURO | 21 – 8 Uhr Nachttarif 1. angefangende Stunde: 1,50 EURO | Nachtshöchstsatz (21 – 8 Uhr): 5,- EURO]"
parken-osnabrueck-46,2.00,20.00,EUR,OPG (Osnabrücker Parkstätten-Betriebsgesellschaft),Parkhaus Nord Klinikum OS,https://www.parken-osnabrueck.de/parken/parkplatzsuche/detail/parkhaus-nord-klinikum-os.html,"Erste Stunde 2,50 €, jede weitere Stunde 2,00 €, Tageshöchstsatz 20,00 €; single tariff, no cashless discount published"
parken-osnabrueck-23,1.80,18.00,EUR,OPG (Osnabrücker Parkstätten-Betriebsgesellschaft),Parkhaus Ledenhof-Garage,https://www.parken-osnabrueck.de/parken/parkplatzsuche/detail/parkhaus-ledenhof-garage.html,"OPG quotes cashless/cash pairs; hourly_rate and daily_cap here are the CASHLESS rates. Cash: 2,00 €/h, Tageshöchstsatz 20,00 €. Nachttarif 22-8 Uhr 1,00 €/h; Sun/holidays (Sa 22 - Mo 8) 1,00 €/h; first hour 2,20 € cashless / 2,50 € cash"
parken-osnabrueck-11,1.50,13.00,EUR,OPG (Osnabrücker Parkstätten-Betriebsgesellschaft),Parkhaus Bahnhofsgarage,https://www.parken-osnabrueck.de/parken/parkplatzsuche/detail/parkhaus-bahnhofsgarage.html,"first 30 min free; 31.-60. Minute 1,80 € cashless / 2,00 € cash; jede weitere Stunde 1,50 €; Tageshöchstsatz first 24 h 13,00 €, each further 24 h 9,00 €; Nachttarif 22-8 Uhr and Sun/holidays 1,00 €/h"
parken-osnabrueck-22,1.80,16.00,EUR,OPG (Osnabrücker Parkstätten-Betriebsgesellschaft),Parkhaus Kollegienwall-Garage,https://www.parken-osnabrueck.de/parken/parkplatzsuche/detail/parkhaus-kollegienwall-garage.html,"OPG quotes cashless/cash pairs; hourly_rate and daily_cap here are the CASHLESS rates. Cash: 2,00 €/h, Tageshöchstsatz 18,00 €. Nachttarif 22-8 Uhr 1,00 €/h; Sun/holidays (Sa 22 - Mo 8) 1,00 €/h; flat per-hour tariff (no separate first hour)"
parken-osnabrueck-24,1.80,18.00,EUR,OPG (Osnabrücker Parkstätten-Betriebsgesellschaft),Parkhaus Nikolai-Garage,https://www.parken-osnabrueck.de/parken/parkplatzsuche/detail/parkhaus-nikolai-garage.html,"OPG quotes cashless/cash pairs; hourly_rate and daily_cap here are the CASHLESS rates. Cash: 2,00 €/h, Tageshöchstsatz 20,00 €. Nachttarif 22-8 Uhr 1,00 €/h; Sun/holidays (Sa 22 - Mo 8) 1,00 €/h; first hour 2,20 € cashless / 2,50 € cash"
parken-osnabrueck-27,1.50,15.00,EUR,OPG (Osnabrücker Parkstätten-Betriebsgesellschaft),Parkhaus Salzmarkt-Garage,https://www.parken-osnabrueck.de/parken/parkplatzsuche/detail/parkhaus-salzmarkt-garage.html,"Erste Stunde 1,80 €, jede weitere Stunde 1,50 €, Tageshöchstsatz 15,00 €; Nachttarif 22-8 Uhr and Sun/holidays 1,00 €/h"
parken-osnabrueck-28,1.80,18.00,EUR,OPG (Osnabrücker Parkstätten-Betriebsgesellschaft),Parkhaus Stadthaus-Garage,https://www.parken-osnabrueck.de/parken/parkplatzsuche/detail/parkhaus-stadthaus-garage.html,"OPG quotes cashless/cash pairs; hourly_rate and daily_cap here are the CASHLESS rates. Cash: 2,00 €/h, Tageshöchstsatz 20,00 €. Nachttarif 22-8 Uhr 1,00 €/h; Sun/holidays (Sa 22 - Mo 8) 1,00 €/h; first hour 2,20 € cashless / 2,50 € cash"
parken-osnabrueck-36,2.50,20.00,EUR,OPG (Osnabrücker Parkstätten-Betriebsgesellschaft),Parkhaus L&T,https://www.parken-osnabrueck.de/parken/parkplatzsuche/detail/parkhaus-lt.html,"Erste Stunde und jede weitere Stunde 2,50 €; Tageshöchstsatz 20,00 €; Nachttarif 22-8 Uhr 1,50 €/h; Sun/holidays 2,00 €/h"
parken-osnabrueck-30,1.80,18.00,EUR,OPG (Osnabrücker Parkstätten-Betriebsgesellschaft),Parkhaus Vitihof-Garage,https://www.parken-osnabrueck.de/parken/parkplatzsuche/detail/parkhaus-vitihof-garage.html,"OPG quotes cashless/cash pairs; hourly_rate and daily_cap here are the CASHLESS rates. Cash: 2,00 €/h, Tageshöchstsatz 20,00 €. Nachttarif 22-8 Uhr 1,00 €/h; Sun/holidays (Sa 22 - Mo 8) 1,00 €/h; first hour 2,20 € cashless / 2,50 € cash"
parken-osnabrueck-37,2.50,20.00,EUR,OPG (Osnabrücker Parkstätten-Betriebsgesellschaft),Tiefgarage L&T,https://www.parken-osnabrueck.de/parken/parkplatzsuche/detail/tiefgarage-lt.html,"Erste Stunde und jede weitere Stunde 2,50 €; Tageshöchstsatz 20,00 €; Nachttarif 22-8 Uhr 1,50 €/h; Sun/holidays 2,00 €/h; separate facility from Parkhaus L&T at the same address"
parken-osnabrueck-43,2.00,20.00,EUR,OPG (Osnabrücker Parkstätten-Betriebsgesellschaft),Parkplatz P1 Klinikum OS,https://www.parken-osnabrueck.de/parken/parkplatzsuche/detail/parkplatz-p1-klinikum-os.html,"Erste Stunde 2,50 €, jede weitere Stunde 2,00 €, Tageshöchstsatz 20,00 €"
parken-osnabrueck-44,2.00,20.00,EUR,OPG (Osnabrücker Parkstätten-Betriebsgesellschaft),Parkplatz P2 Klinikum OS,https://www.parken-osnabrueck.de/parken/parkplatzsuche/detail/parkplatz-p2-klinikum-os.html,"Erste Stunde 2,50 €, jede weitere Stunde 2,00 €, Tageshöchstsatz 20,00 €"
parken-osnabrueck-45,2.00,20.00,EUR,OPG (Osnabrücker Parkstätten-Betriebsgesellschaft),Parkplatz P3 Klinikum OS,https://www.parken-osnabrueck.de/parken/parkplatzsuche/detail/parkplatz-p3-klinikum-os.html,"Erste Stunde 2,50 €, jede weitere Stunde 2,00 €, Tageshöchstsatz 20,00 €"
parken-osnabrueck-35,1.50,16.00,EUR,OPG (Osnabrücker Parkstätten-Betriebsgesellschaft),Parkhaus Cinema Arthouse,https://www.parken-osnabrueck.de/parken/parkplatzsuche/detail/parkhaus-cinema-arthouse.html,"Erste Stunde 2,00 €, jede weitere Stunde 1,50 €, Tageshöchstsatz 16,00 €; cinema/Garbo/BlueNote guests pay 1,00 € per further hour with validation at the box office"
parken-osnabrueck-34,1.50,15.00,EUR,OPG (Osnabrücker Parkstätten-Betriebsgesellschaft),Parkhaus Lotter Straße,https://www.parken-osnabrueck.de/parken/parkplatzsuche/detail/parkhaus-lotter-strasse.html,"Erste Stunde only 0,80 €, jede weitere Stunde 1,50 €, Tageshöchstsatz 15,00 €; Nachttarif 22-8 Uhr and Sun/holidays 1,00 €/h"
parken-osnabrueck-19,1.00,10.00,EUR,OPG (Osnabrücker Parkstätten-Betriebsgesellschaft),Parkplatz Kinderhospital am Schölerberg,https://www.parken-osnabrueck.de/parken/parkplatzsuche/detail/parkplatz-kinderhospital-am-schoelerberg.html,"flat 1,00 €/h, Tageshöchstsatz 10,00 €; P+R ticket 5,00 €"
parken-osnabrueck-13,1.50,16.00,EUR,OPG (Osnabrücker Parkstätten-Betriebsgesellschaft),Parkplatz Berliner Platz,https://www.parken-osnabrueck.de/parken/parkplatzsuche/detail/parkplatz-berliner-platz.html,"Erste Stunde 2,00 €, jede weitere Stunde 1,50 €, Tageshöchstsatz 16,00 €; Nachttarif 22-8 Uhr and Sun/holidays 1,00 €/h"
parken-osnabrueck-50,0.00,0.00,EUR,OPG (Osnabrücker Parkstätten-Betriebsgesellschaft),P+R Rubbenbruchsee,https://www.parken-osnabrueck.de/parken/parkplatzsuche/detail/p-r-rubbenbruchsee.html,"free of charge (Kostenlos 0,00 €)"
parken-osnabrueck-17,1.80,18.00,EUR,OPG (Osnabrücker Parkstätten-Betriebsgesellschaft),Parkhaus Altstadtgarage,https://www.parken-osnabrueck.de/parken/parkplatzsuche/detail/parkhaus-altstadtgarage.html,"Erste Stunde 2,20 €, jede weitere Stunde 1,80 €, Tageshöchstsatz 18,00 €; Nachttarif 22-8 Uhr and Sun/holidays 1,00 €/h"
parken-osnabrueck-18,2.00,20.00,EUR,OPG (Osnabrücker Parkstätten-Betriebsgesellschaft),Parkplatz Haarmannsbrunnen,https://www.parken-osnabrueck.de/parken/parkplatzsuche/detail/parkplatz-haarmannsbrunnen.html,"Erste Stunde 2,50 €, jede weitere Stunde 2,00 €, Tageshöchstsatz 20,00 €; Nachttarif 22-8 Uhr and Sun/holidays 1,00 €/h"
parken-osnabrueck-21,1.50,15.00,EUR,OPG (Osnabrücker Parkstätten-Betriebsgesellschaft),Parkhaus Neustadt-Carré,https://www.parken-osnabrueck.de/parken/parkplatzsuche/detail/parkhaus-neustadt-carre.html,"OPG quotes cashless/cash pairs; hourly_rate and daily_cap here are the CASHLESS rates. Cash: 1,50 €/h, Tageshöchstsatz 16,00 €. Nachttarif 22-8 Uhr 1,00 €/h; Sun/holidays (Sa 22 - Mo 8) 1,00 €/h; first hour 1,80 € cashless / 2,00 € cash"
parken-osnabrueck-51,1.50,10.00,EUR,OPG (Osnabrücker Parkstätten-Betriebsgesellschaft),Parkhaus Christl. Kinderhospital,https://www.parken-osnabrueck.de/parken/parkplatzsuche/detail/parkhaus-christliches-kinderhospital-osnabrueck.html,"je angefangene Stunde 1,50 €, Tageshöchstsatz 10,00 €; Nachttarif 22-8 Uhr 1,00 €/h"
parken-osnabrueck-16,2.00,20.00,EUR,OPG (Osnabrücker Parkstätten-Betriebsgesellschaft),Parkplatz Kunsthalle Dominikanerkirche,https://www.parken-osnabrueck.de/parken/parkplatzsuche/detail/parkplatz-kunsthalle-dominikanerkirche.html,"Erste Stunde 2,50 €, jede weitere Stunde 2,00 €, Tageshöchstsatz 20,00 €; Nachttarif 22-8 Uhr and Sun/holidays 1,00 €/h"
parken-osnabrueck-29,2.00,20.00,EUR,OPG (Osnabrücker Parkstätten-Betriebsgesellschaft),Parkplatz Stadthaus,https://www.parken-osnabrueck.de/parken/parkplatzsuche/detail/parkplatz-stadthaus.html,"Erste Stunde 2,50 €, jede weitere Stunde 2,00 €, Tageshöchstsatz 20,00 €; Nachttarif 22-8 Uhr and Sun/holidays 1,00 €/h"
parken-osnabrueck-26,2.00,18.00,EUR,OPG (Osnabrücker Parkstätten-Betriebsgesellschaft),Parkplatz Schlosswallhalle,https://www.parken-osnabrueck.de/parken/parkplatzsuche/detail/parkplatz-schlosswallhalle.html,"flat 2,00 €/h, Tageshöchstsatz 18,00 €; Nachttarif 22-8 Uhr and Sun/holidays 1,00 €/h"
parken-osnabrueck-49,0.00,0.00,EUR,OPG (Osnabrücker Parkstätten-Betriebsgesellschaft),Parkplatz Café Rubbenbruchsee,https://www.parken-osnabrueck.de/parken/parkplatzsuche/detail/parkplatz-cafe-rubbenbruchsee.html,"free of charge (0,00 €) but access restricted to guests of the Café Rubbenbruchsee and the adjacent minigolf course"
parken-osnabrueck-25,1.50,10.00,EUR,OPG (Osnabrücker Parkstätten-Betriebsgesellschaft),Parkplatz Stüvestraße,https://www.parken-osnabrueck.de/parken/parkplatzsuche/detail/parkplatz-stuevestrasse.html,"Erste Stunde only 1,00 €, jede weitere Stunde 1,50 €, Tageshöchstsatz 10,00 €; Nachttarif 22-8 Uhr and Sun/holidays 1,00 €/h"
parken-osnabrueck-38,2.00,18.00,EUR,OPG (Osnabrücker Parkstätten-Betriebsgesellschaft),Parkplatz Stresemannplatz,https://www.parken-osnabrueck.de/parken/parkplatzsuche/detail/parkplatz-stresemannplatz.html,"flat 2,00 €/h, Tageshöchstsatz 18,00 €; Nachttarif 22-8 Uhr and Sun/holidays 1,00 €/h"
parken-osnabrueck-33,1.00,10.00,EUR,OPG (Osnabrücker Parkstätten-Betriebsgesellschaft),Parkplatz Heinrich-Heine-Straße,https://www.parken-osnabrueck.de/parken/parkplatzsuche/detail/parkplatz-heinrich-heine-strasse.html,"flat 1,00 €/h, Tageshöchstsatz 10,00 €; Nachttarif 22-8 Uhr 0,50 €/h; Sun/holidays 0,50 €/h, max 5,00 €/day"
parken-osnabrueck-31,,4.00,EUR,OPG (Osnabrücker Parkstätten-Betriebsgesellschaft),Parkplatz Karl-Bücher-Straße,https://www.parken-osnabrueck.de/parken/parkplatzsuche/detail/parkplatz-karl-buecher-strasse.html,"only a flat daily tariff of 4,00 € (täglich, auch an Feiertagen) is published; no hourly rate"
