id,start,end,scope,kind,measure,label,summary,source_title,source_url,confidence
covid-1,2020-03-22,2020-05,DE,health,no,First lockdown,"Nationwide contact restrictions from 22-23 March 2020; shops, restaurants and schools closed. First easing from 15 April, with further steps in early May. The index starts in April, at its lowest point.",COVID-19 pandemic in Germany (timeline),https://en.wikipedia.org/wiki/COVID-19_pandemic_in_Germany,high
covid-2,2020-11-02,2021-04,DE,health,yes,Second lockdown,"A partial lockdown from 2 November 2020 (restaurants and leisure closed), tightened to a hard lockdown in mid-December (non-essential shops closed). Eased in steps from March 2021.",COVID-19 pandemic in Germany (timeline),https://en.wikipedia.org/wiki/COVID-19_pandemic_in_Germany,high
covid-3,2021-04-23,2021-06-30,DE,health,no,Federal emergency brake,"A nationwide rule (Infektionsschutzgesetz §28b) tied restrictions and curfews to local infection rates, in force 23 April to 30 June 2021. Reopening followed through the early summer.","Bundestag Wissenschaftliche Dienste, Bundesnotbremse",https://www.bundestag.de/resource/blob/867550/ee6a0944b788b4787a955314bb6d339d/WD-9-082-21-pdf-data.pdf,medium
covid-4,2021-12-04,2022-03-20,DE,health,yes,Omicron winter: 2G in shops,"Federal and state leaders agreed on 2 December 2021 that only vaccinated or recovered people could enter most shops (2G), in force from 4 December in most states, with several courts striking it down. Most nationwide measures ended in late March 2022.",Textilwirtschaft: 2G in retail nationwide,https://www.textilwirtschaft.de/fashion-management/2g-soll-bundesweit-im-einzelhandel-gelten-130421,medium
energy-1,2022-02-24,2022-12-31,DE,economy,no,Energy-price shock,"After the invasion of Ukraine, energy prices rose sharply: by October 2022 energy cost 43% more than a year earlier and German consumer-price inflation reached 10.4%, the highest in about 70 years.","Destatis inflation figures, October 2022 (via Vergabeblog)",https://vergabeblog.de/2022-11-16/inflationsrate-im-oktober-2022-bei-104/,medium
fuel-1,2022-06-01,2022-08-31,DE,fuel,yes,Fuel-tax cut (Tankrabatt),Germany cut the tax on petrol by 35 cents a litre and on diesel by 17 cents for June to August 2022.,Tankrabatt,https://de.wikipedia.org/wiki/Tankrabatt,high
pt-1,2022-06-01,2022-08-31,DE,transport,yes,EUR 9 monthly transit ticket,"A EUR 9 a month ticket valid on all local and regional public transport in Germany, for June, July and August 2022.",9-Euro-Ticket,https://en.wikipedia.org/wiki/9-Euro-Ticket,high
pt-2,2023-05-01,,DE,transport,yes,Deutschlandticket launches (EUR 49),The EUR 49 a month national ticket for local and regional transport replaced the 9-euro ticket and has stayed on sale since.,Deutschlandticket,https://en.wikipedia.org/wiki/Deutschlandticket,high
pt-3,2025-01-01,,DE,transport,yes,Deutschlandticket rises to EUR 58,The monthly price rose from EUR 49 to EUR 58 on 1 January 2025.,Deutschlandticket,https://en.wikipedia.org/wiki/Deutschlandticket,high
pt-4,2026-01-01,,DE,transport,yes,Deutschlandticket rises to EUR 63,The monthly price rose from EUR 58 to EUR 63 on 1 January 2026; a further rise to EUR 66.80 is set for 2027.,The Local: EUR 63 Deutschlandticket locked in for 2026,https://www.thelocal.de/20250918/e63-ticket-deutschlandticket-price-increase-locked-in-for-2026,high
wfh-1,2020-03,,EU,structural,no,Working from home stays higher,"Eurostat's labour-force survey shows people who usually work from home roughly doubling, from about 5% of employed people aged 15-64 in 2019 to about 9% in 2023 and 2024, with another 13% doing so sometimes. Fewer commuting days means fewer weekday parkers.","Eurostat, employed persons working from home (lfsa_ehomp)",https://ec.europa.eu/eurostat/databrowser/view/lfsa_ehomp/,medium
data-1,2026-08,,all,data,no,More garages enter the sample,"Direct feeds for more cities started in August and September 2026 (Frankfurt, Hamburg, Freiburg and the Netherlands among them). Garages enter the year-on-year index only once they have a year of history, so these do not move the line yet.",This project's own feed list,,high
