place_id,canonical_id,kind,evidence
npr-other-nl-c783d164-e1ce-4782-9552-eac48b1b100d-p-r-olympisch-stadion-amsterdam,amsterdam-live-p-102-olympisch-stadion-A557D1AD,duplicate,same free counts: correlation 0.998 over 473 paired readings (mean abs occupancy diff 0.062)
npr-other-nl-17ec5a7f-2d59-40e7-a32a-3060ee718a3b-parkeergarage-oosterdok-amsterdam,amsterdam-live-p-115-oosterdok-E5152B9C,duplicate,same free counts: correlation 0.997 over 376 paired readings (mean abs occupancy diff 0.319)
npr-other-nl-b41c7c26-ac01-4a88-a2ae-d4fb1b51919e-garage-kalverstraat-amsterdam,amsterdam-live-p-127-kalverstraat-opendata-DF9D51A4,duplicate,same free counts: correlation 0.995 over 455 paired readings (mean abs occupancy diff 0.147)
npr-other-nl-eb79ab5a-abd5-4a48-8f6c-e21dbfe545d2-garage-heinekenplein-amsterdam,amsterdam-live-p-130-heinekenplein-8039A0DF,duplicate,same free counts: correlation 0.998 over 469 paired readings (mean abs occupancy diff 0.142)
npr-other-nl-790997a0-7f72-4b8d-8f20-5272092a4caa-parkeergarage-p3-vu-campus-amsterdam,amsterdam-live-p-303-vu-campus-C2F5A8BC,duplicate,same free counts: correlation 0.999 over 469 paired readings (mean abs occupancy diff 0.006)
npr-other-nl-2a04ec9c-2b8c-43c3-9ae4-2e1e97a2e0bb-p-r-sloterdijk-amsterdam,amsterdam-live-pr-001-sloterdijk-F666897A,duplicate,same free counts: correlation 0.999 over 475 paired readings (mean abs occupancy diff 0.022)
frankfurt-mainziel-Parkhaeuser.109256-aculeum,ffh-parken-frankfurt-Aculeum,duplicate,same free counts: correlation 0.999 over 1094 paired readings (mean abs occupancy diff 0.002)
frankfurt-mainziel-Parkhaeuser.105825-alt-sachsenhausen,ffh-parken-frankfurt-Alt-Sachsenhausen,duplicate,same free counts: correlation 0.995 over 1123 paired readings (mean abs occupancy diff 0.011)
frankfurt-mainziel-Parkhaeuser.18944-alte-oper,ffh-parken-frankfurt-Alte-Oper,duplicate,same free counts: correlation 0.997 over 1127 paired readings (mean abs occupancy diff 0.016)
frankfurt-mainziel-Parkhaeuser.18495-am-gericht,ffh-parken-frankfurt-Am-Gericht,duplicate,same free counts: correlation 0.998 over 1209 paired readings (mean abs occupancy diff 0.007)
frankfurt-mainziel-Parkhaeuser.105480-am-theater,ffh-parken-frankfurt-Am-Theater,duplicate,same free counts: correlation 0.996 over 1112 paired readings (mean abs occupancy diff 0.011)
frankfurt-mainziel-Parkhaeuser.105479-baseler-platz,ffh-parken-frankfurt-Baseler-Platz,duplicate,same free counts: correlation 0.997 over 1117 paired readings (mean abs occupancy diff 0.007)
frankfurt-mainziel-Parkhaeuser.24277-boerse,ffh-parken-frankfurt-Borse,duplicate,same free counts: correlation 0.996 over 1179 paired readings (mean abs occupancy diff 0.207)
frankfurt-mainziel-Parkhaeuser.109263-buergerhaus-bornheim,ffh-parken-frankfurt-Burgerhaus-Bornheim,duplicate,same free counts: correlation 0.99 over 1037 paired readings (mean abs occupancy diff 0.024)
frankfurt-mainziel-Parkhaeuser.105305-congresscenter-messe-frankfurt-maritim-hotel,ffh-parken-frankfurt-Congresscenter-Messe-Frankfurt-Maritim-Hotel,duplicate,same free counts: correlation 0.992 over 958 paired readings (mean abs occupancy diff 0.044)
frankfurt-mainziel-Parkhaeuser.109264-friedrichsheim,ffh-parken-frankfurt-Friedrichsheim,duplicate,same free counts: correlation 0.996 over 684 paired readings (mean abs occupancy diff 0.004)
ffh-parken-frankfurt-Gateway-Garden,frankfurt-mainziel-Parkhaeuser.7-gateway-garden,duplicate,same free counts: correlation 0.998 over 707 paired readings (mean abs occupancy diff 0.007)
frankfurt-mainziel-Parkhaeuser.107772-goetheplatz,ffh-parken-frankfurt-Goetheplatz,duplicate,same free counts: correlation 0.998 over 1149 paired readings (mean abs occupancy diff 0.012)
ffh-parken-frankfurt-Hafenpark-Quartier-NORD,frankfurt-mainziel-Parkhaeuser.6-hafenpark-quartier-nord,duplicate,same free counts: correlation 0.976 over 849 paired readings (mean abs occupancy diff 0.007)
frankfurt-mainziel-Parkhaeuser.18497-hauptwache,ffh-parken-frankfurt-Hauptwache,duplicate,same free counts: correlation 0.996 over 1127 paired readings (mean abs occupancy diff 0.197)
frankfurt-mainziel-Parkhaeuser.18498-interconti,ffh-parken-frankfurt-Hotel-Intercontinental,duplicate,same free counts: correlation 0.997 over 928 paired readings (mean abs occupancy diff 0.081)
frankfurt-mainziel-Parkhaeuser.109156-hotel-moevenpick,ffh-parken-frankfurt-Hotel-Movenpick,duplicate,same free counts: correlation 0.997 over 865 paired readings (mean abs occupancy diff 0.037)
frankfurt-mainziel-Parkhaeuser.18493-junghofstrasse,ffh-parken-frankfurt-Junghofstrasse,duplicate,same free counts: correlation 0.997 over 1120 paired readings (mean abs occupancy diff 0.012)
frankfurt-mainziel-Parkhaeuser.18494-konrad-adenauer-strasse,ffh-parken-frankfurt-Konrad-Adenauer-Strasse,duplicate,same free counts: correlation 0.997 over 1222 paired readings (mean abs occupancy diff 0.076)
frankfurt-mainziel-Parkhaeuser.24279-konstabler,ffh-parken-frankfurt-Konstabler,duplicate,same free counts: correlation 0.997 over 1205 paired readings (mean abs occupancy diff 0.04)
frankfurt-mainziel-Parkhaeuser.109157-mainzer-landstrasse,ffh-parken-frankfurt-Mainzer-Landstrasse,duplicate,same free counts: correlation 0.999 over 779 paired readings (mean abs occupancy diff 0.001)
ffh-parken-frankfurt-Mayfarth-Quartier,frankfurt-mainziel-Parkhaeuser.109303-mayfarth-quartier,duplicate,same free counts: correlation 0.997 over 904 paired readings (mean abs occupancy diff 0.004)
frankfurt-mainziel-Parkhaeuser.105306-messeturm,ffh-parken-frankfurt-Messeturm,duplicate,same free counts: correlation 0.981 over 494 paired readings (mean abs occupancy diff 0.134)
frankfurt-mainziel-Parkhaeuser.105826-mousonturm,ffh-parken-frankfurt-Mousonturm,duplicate,same free counts: correlation 0.99 over 1052 paired readings (mean abs occupancy diff 0.013)
frankfurt-mainziel-Parkhaeuser.109240-myzeil-palaisquartier,ffh-parken-frankfurt-MyZeil,duplicate,same free counts: correlation 0.996 over 1143 paired readings (mean abs occupancy diff 0.02)
frankfurt-mainziel-Parkhaeuser.109254-opernturm,ffh-parken-frankfurt-Opernturm,duplicate,same free counts: correlation 0.987 over 1076 paired readings (mean abs occupancy diff 0.023)
frankfurt-mainziel-Parkhaeuser.109267-ordnungsamt,ffh-parken-frankfurt-Ordnungsamt,duplicate,same free counts: correlation 0.992 over 986 paired readings (mean abs occupancy diff 0.006)
frankfurt-mainziel-Parkhaeuser.105738-borsigallee,ffh-parken-frankfurt-P-R-Haus-Borsigallee,duplicate,same free counts: correlation 0.997 over 1163 paired readings (mean abs occupancy diff 0.004)
ffh-parken-frankfurt-Parkhaus-Konigsteiner-Strasse,frankfurt-mainziel-Parkhaeuser.109304-koenigsteiner-strasse,duplicate,same free counts: correlation 0.998 over 902 paired readings (mean abs occupancy diff 0.009)
frankfurt-mainziel-Parkhaeuser.18492-schiller-passage,ffh-parken-frankfurt-Schiller-Passage,duplicate,same free counts: correlation 0.997 over 1192 paired readings (mean abs occupancy diff 0.009)
frankfurt-mainziel-Parkhaeuser.109259-universitaetsklinikum,ffh-parken-frankfurt-Universitatsklinikum-Innengelande,duplicate,same free counts: correlation 0.997 over 1225 paired readings (mean abs occupancy diff 0.006)
frankfurt-mainziel-Parkhaeuser.2-universitaetsklinikum-p2,ffh-parken-frankfurt-Universitatsklinikum-P2,duplicate,same free counts: correlation 0.995 over 299 paired readings (mean abs occupancy diff 0.006)
frankfurt-mainziel-Parkhaeuser.106207-untermainanlage,ffh-parken-frankfurt-Untermainanlage,duplicate,same free counts: correlation 0.994 over 978 paired readings (mean abs occupancy diff 0.013)
parken-mannheim-D3-Tiefgarage,ffh-parken-mannheim-D3,duplicate,same free counts: correlation 1.0 over 2398 paired readings (mean abs occupancy diff 0.0)
parken-mannheim-G1-Marktplatz-Tiefgarage,ffh-parken-mannheim-G1-Marktplatz,duplicate,same free counts: correlation 1.0 over 2398 paired readings (mean abs occupancy diff 0.0)
parken-mannheim-H6-Tiefgarage,ffh-parken-mannheim-H6,duplicate,same name and capacity; both archive sources for the same Mannheim garage (paired readings too sparse to compare)
parken-mannheim-N6-Komforthaus,ffh-parken-mannheim-N6-Komfort,duplicate,same free counts: correlation 1.0 over 2398 paired readings (mean abs occupancy diff 0.0)
parken-mannheim-N6-Standardhaus,ffh-parken-mannheim-N6-Standard-Holiday-Inn,duplicate,same free counts: correlation 1.0 over 2398 paired readings (mean abs occupancy diff 0.0)
parken-mannheim-M4a-Parkplatz,ffh-parken-mannheim-Parkplatz-M4a,duplicate,same name and capacity; both archive sources for the same Mannheim garage (paired readings too sparse to compare)
parken-mannheim-U2-Tiefgarage,ffh-parken-mannheim-U2,duplicate,same free counts: correlation 1.0 over 2398 paired readings (mean abs occupancy diff 0.0)
wiesbaden-parken-City-I,ffh-parken-wiesbaden-City-1,duplicate,same free counts: correlation 0.992 over 498 paired readings (mean abs occupancy diff 0.007)
wiesbaden-parken-City-II,ffh-parken-wiesbaden-City-2,duplicate,same free counts: correlation 0.993 over 646 paired readings (mean abs occupancy diff 0.009)
wiesbaden-parken-Coulinstrasse,ffh-parken-wiesbaden-Coulinstrasse,duplicate,same free counts: correlation 0.993 over 842 paired readings (mean abs occupancy diff 0.004)
wiesbaden-parken-Galeria-Kaufhof,ffh-parken-wiesbaden-Galeria-Kaufhof,duplicate,same free counts: correlation 0.988 over 509 paired readings (mean abs occupancy diff 0.003)
wiesbaden-parken-Karstadt,ffh-parken-wiesbaden-Karstadt,duplicate,same free counts: correlation 0.997 over 612 paired readings (mean abs occupancy diff 0.006)
wiesbaden-parken-Kurhaus-Casino,ffh-parken-wiesbaden-Kurhaus-Casino,duplicate,same free counts: correlation 0.998 over 789 paired readings (mean abs occupancy diff 0.006)
wiesbaden-parken-Luisenforum,ffh-parken-wiesbaden-Luisenforum,duplicate,same free counts: correlation 1.0 over 897 paired readings (mean abs occupancy diff 0.003)
wiesbaden-parken-Luisenplatz,ffh-parken-wiesbaden-Luisenplatz,duplicate,same free counts: correlation 0.996 over 754 paired readings (mean abs occupancy diff 0.006)
wiesbaden-parken-Markt,ffh-parken-wiesbaden-Markt,duplicate,same free counts: correlation 0.999 over 806 paired readings (mean abs occupancy diff 0.007)
