place_id,num_all,source_slug,place_name,city_name,source_id,address,latitude,longitude,source_web_url,evidence
bonn-bcp-parken-Rabinstrasse,305,archive_gap_2026_09,Rabinstrasse,Bonn,bonn-bcp-parken,,,,http://www.bcp-bonn.de/,bcp-bonn.de bcpext.xml 'gesamt'
bonn-bcp-parken-bike-ride,220,archive_gap_2026_09,bike ride,Bonn,bonn-bcp-parken,,,,http://www.bcp-bonn.de/,bcp-bonn.de bcpext.xml 'gesamt'
bonn-bcp-parken-operngarage,380,archive_gap_2026_09,operngarage,Bonn,bonn-bcp-parken,,,,http://www.bcp-bonn.de/,bcp-bonn.de bcpext.xml 'gesamt'
bonn-bcp-parken-unigarage,438,archive_gap_2026_09,unigarage,Bonn,bonn-bcp-parken,,,,http://www.bcp-bonn.de/,bcp-bonn.de bcpext.xml 'gesamt'
dresden-parken-Grenzstrasse,38,archive_gap_2026_09,Grenzstraße,Dresden,dresden-parken,,,,https://www.dresden.de/freie-parkplaetze,dresden.de 'Stellplätze'
dresden-parken-SachsenEnergie-Center,251,archive_gap_2026_09,SachsenEnergie Center,Dresden,dresden-parken,,,,https://www.dresden.de/freie-parkplaetze,dresden.de 'Stellplätze'
dresden-parken-Stadtforum-Dresden,88,archive_gap_2026_09,Stadtforum Dresden,Dresden,dresden-parken,,,,https://www.dresden.de/freie-parkplaetze,dresden.de 'Stellplätze'
ffh-parken-bad-homburg-Am-Bahnhof,373,archive_gap_2026_09,,,,,,,,ffh.de 'Plätze insgesamt'
ffh-parken-bad-homburg-Louisen-Arkaden,230,archive_gap_2026_09,,,,,,,,ffh.de 'Plätze insgesamt'
ffh-parken-bad-homburg-Parkgarage-Kurhaus,256,archive_gap_2026_09,,,,,,,,ffh.de 'Plätze insgesamt'
ffh-parken-bad-homburg-Parkgarage-Rathaus,200,archive_gap_2026_09,,,,,,,,ffh.de 'Plätze insgesamt'
ffh-parken-bad-homburg-Parkgarage-Schloss,253,archive_gap_2026_09,,,,,,,,ffh.de 'Plätze insgesamt'
ffh-parken-bad-homburg-Parkhaus-am-Guterbahnhof,198,archive_gap_2026_09,Parkhaus am Güterbahnhof,Bad Homburg,ffh-parken,,,,https://www.ffh.de/verkehr/parkhaeuser/,ffh.de 'Plätze insgesamt'
ffh-parken-frankfurt-Aculeum,752,archive_gap_2026_09,Aculeum,Frankfurt,ffh-parken,,50.082535,8.635137,https://www.ffh.de/verkehr/parkhaeuser/,ffh.de 'Plätze insgesamt'
ffh-parken-frankfurt-Alt-Sachsenhausen,341,archive_gap_2026_09,Alt-Sachsenhausen,Frankfurt,ffh-parken,,50.10563,8.685153,https://www.ffh.de/verkehr/parkhaeuser/,ffh.de 'Plätze insgesamt'
ffh-parken-frankfurt-Burgerhaus-Bornheim,85,archive_gap_2026_09,Bürgerhaus Bornheim,Frankfurt,ffh-parken,,50.123276,8.70452,https://www.ffh.de/verkehr/parkhaeuser/,ffh.de 'Plätze insgesamt'
ffh-parken-frankfurt-Congresscenter-Messe-Frankfurt-Maritim-Hotel,350,archive_gap_2026_09,Congresscenter Messe Frankfurt (Maritim Hotel),Frankfurt,ffh-parken,,50.11284,8.649471,https://www.ffh.de/verkehr/parkhaeuser/,ffh.de 'Plätze insgesamt'
ffh-parken-frankfurt-Friedrichsheim,227,archive_gap_2026_09,Friedrichsheim,Frankfurt,ffh-parken,,50.091953,8.646487,https://www.ffh.de/verkehr/parkhaeuser/,ffh.de 'Plätze insgesamt'
ffh-parken-frankfurt-Gateway-Garden,333,archive_gap_2026_09,Gateway Garden,Frankfurt,ffh-parken,,50.054577,8.591302,https://www.ffh.de/verkehr/parkhaeuser/,ffh.de 'Plätze insgesamt'
ffh-parken-frankfurt-Goetheplatz,591,archive_gap_2026_09,Goetheplatz,Frankfurt,ffh-parken,,50.11301,8.676544,https://www.ffh.de/verkehr/parkhaeuser/,ffh.de 'Plätze insgesamt'
ffh-parken-frankfurt-Hafenpark-Quartier-NORD,220,archive_gap_2026_09,Hafenpark Quartier NORD,Frankfurt,ffh-parken,,50.11088,8.709593,https://www.ffh.de/verkehr/parkhaeuser/,ffh.de 'Plätze insgesamt'
ffh-parken-frankfurt-Hotel-Intercontinental,169,archive_gap_2026_09,Hotel Intercontinental,Frankfurt,ffh-parken,,50.104527,8.669036,https://www.ffh.de/verkehr/parkhaeuser/,ffh.de 'Plätze insgesamt'
ffh-parken-frankfurt-Hotel-Movenpick,120,archive_gap_2026_09,Hotel Mövenpick,Frankfurt,ffh-parken,,50.109894,8.651027,https://www.ffh.de/verkehr/parkhaeuser/,ffh.de 'Plätze insgesamt'
ffh-parken-frankfurt-Junghofstrasse,315,archive_gap_2026_09,Junghofstraße,Frankfurt,ffh-parken,,50.113262,8.673919,https://www.ffh.de/verkehr/parkhaeuser/,ffh.de 'Plätze insgesamt'
ffh-parken-frankfurt-Mainzer-Landstrasse,290,archive_gap_2026_09,Mainzer Landstraße,Frankfurt,ffh-parken,,50.10211,8.6411295,https://www.ffh.de/verkehr/parkhaeuser/,ffh.de 'Plätze insgesamt'
ffh-parken-frankfurt-Mayfarth-Quartier,200,archive_gap_2026_09,Mayfarth Quartier,Frankfurt,ffh-parken,,50.110752,8.710519,https://www.ffh.de/verkehr/parkhaeuser/,ffh.de 'Plätze insgesamt'
ffh-parken-frankfurt-Messeturm,820,archive_gap_2026_09,Messeturm,Frankfurt,ffh-parken,,50.112072,8.6528225,https://www.ffh.de/verkehr/parkhaeuser/,ffh.de 'Plätze insgesamt'
ffh-parken-frankfurt-Mousonturm,125,archive_gap_2026_09,Mousonturm,Frankfurt,ffh-parken,,50.118694,8.699925,https://www.ffh.de/verkehr/parkhaeuser/,ffh.de 'Plätze insgesamt'
ffh-parken-frankfurt-Opernturm,289,archive_gap_2026_09,Opernturm,Frankfurt,ffh-parken,,50.11609,8.670341,https://www.ffh.de/verkehr/parkhaeuser/,ffh.de 'Plätze insgesamt'
ffh-parken-frankfurt-Ordnungsamt,143,archive_gap_2026_09,Ordnungsamt,Frankfurt,ffh-parken,,50.099274,8.633534,https://www.ffh.de/verkehr/parkhaeuser/,ffh.de 'Plätze insgesamt'
ffh-parken-frankfurt-P-R-Haus-Borsigallee,899,archive_gap_2026_09,P+R-Haus Borsigallee,Frankfurt,ffh-parken,,50.137203,8.745201,https://www.ffh.de/verkehr/parkhaeuser/,ffh.de 'Plätze insgesamt'
ffh-parken-frankfurt-P-R-Kalbach,376,archive_gap_2026_09,P+R Kalbach,Frankfurt,ffh-parken,,50.183296,8.6570835,https://www.ffh.de/verkehr/parkhaeuser/,ffh.de 'Plätze insgesamt'
ffh-parken-frankfurt-Parkhaus-Konigsteiner-Strasse,256,archive_gap_2026_09,Parkhaus Königsteiner Straße,Frankfurt,ffh-parken,,50.101517,8.547622,https://www.ffh.de/verkehr/parkhaeuser/,ffh.de 'Plätze insgesamt'
ffh-parken-frankfurt-Schiller-Passage,353,archive_gap_2026_09,Schiller-Passage,Frankfurt,ffh-parken,,50.116035,8.677573,https://www.ffh.de/verkehr/parkhaeuser/,ffh.de 'Plätze insgesamt'
ffh-parken-frankfurt-Universitatsklinikum-Innengelande,1400,archive_gap_2026_09,Universitätsklinikum Innengelände,Frankfurt,ffh-parken,,50.094795,8.661552,https://www.ffh.de/verkehr/parkhaeuser/,ffh.de 'Plätze insgesamt'
ffh-parken-frankfurt-Universitatsklinikum-P2,29,archive_gap_2026_09,Universitätsklinikum P2,Frankfurt,ffh-parken,,50.091366,8.646991,https://www.ffh.de/verkehr/parkhaeuser/,ffh.de 'Plätze insgesamt'
ffh-parken-frankfurt-Universitatsklinikum-P5,20,archive_gap_2026_09,Universitätsklinikum P5,Frankfurt,ffh-parken,,50.0931,8.653998,https://www.ffh.de/verkehr/parkhaeuser/,ffh.de 'Plätze insgesamt'
ffh-parken-frankfurt-Universitatsklinikum-Sandhofstrasse,500,archive_gap_2026_09,Universitätsklinikum Sandhofstraße,Frankfurt,ffh-parken,,50.093113,8.654884,https://www.ffh.de/verkehr/parkhaeuser/,ffh.de 'Plätze insgesamt'
ffh-parken-frankfurt-Untermainanlage,142,archive_gap_2026_09,Untermainanlage,Frankfurt,ffh-parken,,50.10698,8.672793,https://www.ffh.de/verkehr/parkhaeuser/,ffh.de 'Plätze insgesamt'
heilbronn-parken-Kathchenhof,67,archive_gap_2026_09,,,,,,,,api.parkendd.de/Heilbronn 'total' (as of 2022-09-27)
heilbronn-parken-Stadtgalerie,660,archive_gap_2026_09,,,,,,,,api.parkendd.de/Heilbronn 'total' (as of 2022-09-27)
heilbronn-parken-Wollhaus,450,archive_gap_2026_09,,,,,,,,api.parkendd.de/Heilbronn 'total' (as of 2022-09-27)
ingolstadt-parken-Hallenbad,571,archive_gap_2026_09,,,,,,,,ingolstadt.de 'freie Plätze von N'
ingolstadt-parken-Hauptbahnhof-Ost,240,archive_gap_2026_09,,,,,,,,ingolstadt.de 'freie Plätze von N'
ingolstadt-parken-Hauptbahnhof-West,660,archive_gap_2026_09,,,,,,,,ingolstadt.de 'freie Plätze von N'
ingolstadt-parken-Munster,277,archive_gap_2026_09,,,,,,,,ingolstadt.de 'freie Plätze von N'
ingolstadt-parken-Nordbahnhof,230,archive_gap_2026_09,,,,,,,,ingolstadt.de 'freie Plätze von N'
ingolstadt-parken-Reduit-Tilly,386,archive_gap_2026_09,,,,,,,,ingolstadt.de 'freie Plätze von N'
ingolstadt-parken-Schloss,361,archive_gap_2026_09,,,,,,,,ingolstadt.de 'freie Plätze von N'
ingolstadt-parken-Theater-Ost,569,archive_gap_2026_09,,,,,,,,ingolstadt.de 'freie Plätze von N'
ingolstadt-parken-Theater-West,332,archive_gap_2026_09,,,,,,,,ingolstadt.de 'freie Plätze von N'
npr-other-nl-0cbc7e9b-71b6-456a-bcc6-1c95f7297c29-garage-scheepjeshof-veenendaal,470,archive_gap_2026_09,Garage Scheepjeshof (Veenendaal),Veenendaal,npr-other-nl,,,,,"earlier NPR record for the same garage (npr-other-nl-a32d6153-...-parkeergarage-scheepjeshof-veenendaal, 470)"
oldenburg-service-parken-Parkhaus-August-Carree,300,archive_gap_2026_09,Parkhaus August Carree,Oldenburg,oldenburg-service-parken,,,,https://oldenburg-service.de/pls/#/hauspark,oldenburg-service.de _cros.php 'Gesamt'
parken-in-bochum-P1-Husemannplatz,475,archive_gap_2026_09,,,,,,,,parken-in-bochum.de detail page 'Stellplätze'
parken-in-bochum-P2-Dr-Ruer-Platz,375,archive_gap_2026_09,,,,,,,,parken-in-bochum.de detail page 'Stellplätze'
parken-in-bochum-P3-Rathaus-BVZ,422,archive_gap_2026_09,,,,,,,,parken-in-bochum.de detail page 'Stellplätze'
parken-in-bochum-P5-Bruckstrasse,700,archive_gap_2026_09,,,,,,,,parken-in-bochum.de detail page 'Stellplätze'
parken-in-bochum-P7-Kurt-Schumacher-Platz,432,archive_gap_2026_09,P7 Kurt-Schumacher-Platz,Bochum,parken-in-bochum,,,,https://www.parken-in-bochum.de/,parken-in-bochum.de detail page 'Stellplätze'
parken-in-bochum-P9-Schauspielhaus,265,archive_gap_2026_09,,,,,,,,parken-in-bochum.de detail page 'Stellplätze'
parken-in-bochum-PF-Bochumer-Fenster,240,archive_gap_2026_09,,,,,,,,parken-in-bochum.de detail page 'Stellplätze'
parken-in-bochum-PH-Husemann-Karree,510,archive_gap_2026_09,PH Husemann Karree,Bochum,parken-in-bochum,,,,https://www.parken-in-bochum.de/,parken-in-bochum.de detail page 'Stellplätze'
parken-osnabrueck-36,285,archive_gap_2026_09,Parkhaus L&T,Osnabrück,parken-osnabrueck,"Herrenteich Straße, 49074 Osnabrück",52.27605989377632,8.046636317986193,https://www.parken-osnabrueck.de/,parken-osnabrueck.de utilisation API 'capacity'
parken-osnabrueck-37,202,archive_gap_2026_09,Tiefgarage L&T,Osnabrück,parken-osnabrueck,"Herrenteich Straße, 49074 Osnabrück",52.27605223763358,8.046642574460018,https://www.parken-osnabrueck.de/,parken-osnabrueck.de utilisation API 'capacity'
parken-osnabrueck-38,37,archive_gap_2026_09,Parkplatz Stresemannplatz,Osnabrück,parken-osnabrueck,"Schlagvorder Straße, 49074 Osnabrück",52.2737128,8.0543955,https://www.parken-osnabrueck.de/,parken-osnabrueck.de utilisation API 'capacity'
parken-osnabrueck-39,308,archive_gap_2026_09,Christliches Krankenhaus Quakenbrück P1,Quakenbrück,parken-osnabrueck,"Danziger Straße 2, 49610 Quakenbrück",52.6682583,7.936747,https://www.parken-osnabrueck.de/,parken-osnabrueck.de utilisation API 'capacity'
parken-osnabrueck-40,183,archive_gap_2026_09,Christliches Krankenhaus Quakenbrück P2,Quakenbrück,parken-osnabrueck,"Danziger Straße 2, 49610 Quakenbrück",52.6684928,7.9406494,https://www.parken-osnabrueck.de/,parken-osnabrueck.de utilisation API 'capacity'
parken-osnabrueck-41,310,archive_gap_2026_09,Parkplatz carpesol,Bad Rothenfelde,parken-osnabrueck,"Frankfurter Str. 15, 49214 Bad Rothenfelde",52.1063291,8.1637658,https://www.parken-osnabrueck.de/,parken-osnabrueck.de utilisation API 'capacity'
parken-osnabrueck-43,200,archive_gap_2026_09,Parkplatz P1 Klinikum OS,Osnabrück,parken-osnabrueck,"Am Finkenhügel 1, 49076 Osnabrück",52.275563,8.005492,https://www.parken-osnabrueck.de/,parken-osnabrueck.de utilisation API 'capacity'
parken-osnabrueck-44,200,archive_gap_2026_09,Parkplatz P2 Klinikum OS,Osnabrück,parken-osnabrueck,"Am Finkenhügel 1, 49076 Osnabrück",52.277959,8.005674,https://www.parken-osnabrueck.de/,parken-osnabrueck.de utilisation API 'capacity'
parken-osnabrueck-45,200,archive_gap_2026_09,Parkplatz P3 Klinikum OS,Osnabrück,parken-osnabrueck,"Am Finkenhügel 1, 49076 Osnabrück",52.279089,8.00509,https://www.parken-osnabrueck.de/,parken-osnabrueck.de utilisation API 'capacity'
parken-osnabrueck-46,970,archive_gap_2026_09,Parkhaus Nord Klinikum OS,Osnabrück,parken-osnabrueck,"Am Finkenhügel 1, 49076 Osnabrück",52.280796,8.004972,https://www.parken-osnabrueck.de/,parken-osnabrueck.de utilisation API 'capacity'
parken-osnabrueck-49,45,archive_gap_2026_09,Parkplatz Café Rubbenbruchsee,Osnabrück,parken-osnabrueck,"Barenteich 2, 49076 Osnabrück",52.292472,7.990343,https://www.parken-osnabrueck.de/,parken-osnabrueck.de utilisation API 'capacity'
parken-osnabrueck-50,145,archive_gap_2026_09,P+R Rubbenbruchsee,Osnabrück,parken-osnabrueck,"Rubbenbruchweg, 49090 Osnabrück",52.295737,7.988344,https://www.parken-osnabrueck.de/,parken-osnabrueck.de utilisation API 'capacity'
parken-osnabrueck-51,61,archive_gap_2026_09,Parkhaus Christl. Kinderhospital,Osnabrück,parken-osnabrueck,"Johannisfreiheit 1, 49074 Osnabrück",52.270202,8.052164,https://www.parken-osnabrueck.de/,parken-osnabrueck.de utilisation API 'capacity'
regensburg-parken-Park-Ride-Parkplatz-Unterer-Wohrd,507,archive_gap_2026_09,,,,,,,,api.parkendd.de/Regensburg 'total' (as of 2021-10-20)
regensburg-parken-Park-Ride-Parkplatz-West,335,archive_gap_2026_09,,,,,,,,api.parkendd.de/Regensburg 'total' (as of 2021-10-20)
regensburg-parken-Parkhaus-Dachauplatz,700,archive_gap_2026_09,,,,,,,,api.parkendd.de/Regensburg 'total' (as of 2021-10-20)
regensburg-parken-Parkhaus-Dallmeier,200,archive_gap_2026_09,Parkhaus Dallmeier,Regensburg,regensburg-parken,"Bahnhofstraße 16, 93047 Regensburg",,,https://www.einkaufen-regensburg.de/service/parken-amp-anfahrt.html,goingelectric.de / onlinestreet.de POI listings (200 spaces)
regensburg-parken-Parkhaus-Regensburg-Arcaden,1548,archive_gap_2026_09,,,,,,,,api.parkendd.de/Regensburg 'total' (as of 2021-10-20)
regensburg-parken-Parkhaus-St-Peters-Weg,560,archive_gap_2026_09,,,,,,,,api.parkendd.de/Regensburg 'total' (as of 2021-10-20)
regensburg-parken-Parkplatz-Dultplatz,2400,archive_gap_2026_09,,,,,,,,api.parkendd.de/Regensburg 'total' (as of 2021-10-20)
regensburg-parken-Tiefgarage-Arnulfsplatz,160,archive_gap_2026_09,,,,,,,,api.parkendd.de/Regensburg 'total' (as of 2021-10-20)
regensburg-parken-Tiefgarage-am-Theater-Bismarckplatz,355,archive_gap_2026_09,,,,,,,,api.parkendd.de/Regensburg 'total' (as of 2021-10-20)
swt-trier-parken-Bahnhof,296,archive_gap_2026_09,Bahnhof,Trier,swt-trier-parken,,,,https://www.swt.de/,service.swt.de parken-v2.xml 'shortmax'
swt-trier-parken-ParkPlaza,150,archive_gap_2026_09,ParkPlaza,Trier,swt-trier-parken,,,,https://www.swt.de/,service.swt.de parken-v2.xml 'shortmax'
vtmanager-duesseldorf-parken-Heerdt,150,archive_gap_2026_09,Heerdt,Düsseldorf,vtmanager-duesseldorf-parken,Marlene-Dietrich-Straße 2-4a&lt;br&gt;40549 Düsseldorf,51.24086068,6.71953294,https://vtmanager.duesseldorf.de/info/?parkquartier#main,vtmanager.duesseldorf.de WFS 'kurzparkermax'
vtmanager-duesseldorf-parken-PH-01,300,archive_gap_2026_09,,,,,,,,vtmanager.duesseldorf.de WFS 'kurzparkermax'
vtmanager-duesseldorf-parken-PH-09,567,archive_gap_2026_09,PH 09 - KII / Schauspielhaus,Düsseldorf,vtmanager-duesseldorf-parken,,51.22744463,6.78300699,https://vtmanager.duesseldorf.de/info/?parkquartier#main,vtmanager.duesseldorf.de WFS 'kurzparkermax'
vtmanager-duesseldorf-parken-PH-12,410,archive_gap_2026_09,,,,,,,,vtmanager.duesseldorf.de WFS 'kurzparkermax'
